"id","turbine_id","nacelle_position","wind_direction","ambient_air_temp","bearing_temp","blade_pitch_angle","gearbox_sump_temp","generator_speed","hub_speed","power","wind_speed","gear_temp","generator_temp","timestamp"
1,"Turbine_1","210.76","57.22","-25.27","55.45","122.2","32.81","55.2","2","613.85","15.39","178.06","25.97","2026-02-07 15:47:17-06"
2,"Turbine_2","198.08","339.11","-19.5","34.17","158.08","107.79","58.01","3","713.35","11.81","176.74","90.84","2026-02-07 15:47:18-06"
3,"Turbine_3","148.16","126.28","-0.89","65.41","115.9","31.85","46.82","4","725.05","21.78","316.84","37.59","2026-02-07 15:47:18-06"
4,"Turbine_4","163.92","213.99","-28.7","14.73","138.05","94.33","47.82","2","210.09","5.95","301.43","58.97","2026-02-07 15:47:19-06"
5,"Turbine_5","262.97","159.12","45","48.69","146.7","71.13","54.96","5","1185.43","15.8","303.26","80.68","2026-02-07 15:47:19-06"
6,"Turbine_6","182.86","87.35","-17.99","26.25","89.89","57.92","54.4","5","1470.6","17.76","314.72","84.21","2026-02-07 15:47:20-06"
7,"Turbine_7","119.35","353.64","24.93","34.98","204.93","83.1","50.72","3","1204.65","9.57","222.74","100.69","2026-02-07 15:47:20-06"
8,"Turbine_8","130.66","356.76","-23.29","23.71","149.63","86.31","51.44","1","965.89","19.87","64.69","148.17","2026-02-07 15:47:21-06"
9,"Turbine_9","205.29","310.36","28.59","25.54","10.79","41.49","42.01","2","732.4","18.19","60.32","36.81","2026-02-07 15:47:21-06"
10,"Turbine_10","182.66","188.88","0.86","66.67","154.97","67.96","58.13","5","1058.42","15.14","252.35","54.78","2026-02-07 15:47:22-06"
11,"Turbine_11","226.82","337.59","30.17","18.33","142.21","97.6","41.2","1","307.89","3.09","197.57","71.85","2026-02-07 15:47:22-06"
12,"Turbine_12","118.73","35.33","-3.19","14.43","145.58","97.18","47.69","3","346.46","21.37","65.39","45.26","2026-02-07 15:47:23-06"
13,"Turbine_1","267.26","19.2","-29.83","20.17","207.75","29.69","44.78","3","880.72","21.49","161.8","76.9","2026-02-07 15:47:25-06"
14,"Turbine_2","159.14","172.59","7.81","13.26","107.13","122.18","49.2","2","562.5","20.99","100.78","109.57","2026-02-07 15:47:26-06"
15,"Turbine_3","1.43","38.58","38.83","29.26","173.82","82.94","51.78","3","516.93","7.25","65.47","28.87","2026-02-07 15:47:26-06"
16,"Turbine_4","339.88","198.93","37.26","64.03","91.61","38.62","44.43","1","291.86","17.29","320.07","40.16","2026-02-07 15:47:27-06"
17,"Turbine_5","103.69","20.8","2.9","66.03","4.13","42.76","40.89","1","1488.81","9.94","280.2","77.84","2026-02-07 15:47:27-06"
18,"Turbine_6","184.41","28.16","23.18","27.16","158.15","113.24","57.84","3","1327.93","14.67","77.01","63.3","2026-02-07 15:47:28-06"
19,"Turbine_7","188.99","82.38","23.34","46.13","43","85.5","40.73","5","451.76","2.05","77.35","102.42","2026-02-07 15:47:28-06"
20,"Turbine_8","234.98","68.28","-8.89","62.83","161.95","79.15","44.3","3","739.75","9.82","261.83","35.75","2026-02-07 15:47:29-06"
21,"Turbine_9","327.4","20.76","13.94","66.66","153.19","67.46","42.89","2","127.02","13.95","142.32","142.66","2026-02-07 15:47:29-06"
22,"Turbine_10","176.42","50.84","32.56","66.04","28","116.22","42","3","1423.13","11.39","229.87","54.74","2026-02-07 15:47:30-06"
23,"Turbine_11","191","318.59","42.92","31.61","133.64","122.55","55.88","5","1145.26","13.63","124.23","40.7","2026-02-07 15:47:30-06"
24,"Turbine_12","322.15","188.5","-3.44","29.69","143.44","30.01","48.27","4","565.23","22.34","65.63","143","2026-02-07 15:47:31-06"
25,"Turbine_1","218.06","251.78","-24.52","43.54","99.84","35.23","43","5","310.33","8.63","254.73","80.43","2026-02-07 15:47:33-06"
26,"Turbine_2","163.66","154.35","25.38","62.56","100.2","117.2","54.28","3","1235.93","10.51","63.48","123.49","2026-02-07 15:47:34-06"
27,"Turbine_3","159.48","231.76","29.12","50.56","113.72","63.81","52.87","3","743.66","6.81","254.6","125.58","2026-02-07 15:47:34-06"
28,"Turbine_4","33.77","92.77","42.94","33.92","113.23","93.63","49.34","4","968.64","20.42","230.93","43.14","2026-02-07 15:47:35-06"
29,"Turbine_5","201.09","179.94","40.57","19.67","182.6","94.31","55.74","3","82.11","16.67","165.72","108.97","2026-02-07 15:47:35-06"
30,"Turbine_6","12.82","189.45","18.08","59.91","199.45","82.05","51.27","5","1212.06","7.68","184.81","54.35","2026-02-07 15:47:36-06"
31,"Turbine_7","43.71","346.42","8.12","58.27","142.06","51.69","45.09","2","184.32","20.57","186.74","136.51","2026-02-07 15:47:36-06"
32,"Turbine_8","266.92","289.03","22.61","33.89","109.05","61.99","54.78","3","73.06","7.38","132.21","52.62","2026-02-07 15:47:37-06"
33,"Turbine_9","76.51","238.69","44.62","22.29","33","124.93","52.27","2","343.81","7.55","73.3","103.03","2026-02-07 15:47:37-06"
34,"Turbine_10","212.28","1.07","-29.27","49.71","25.24","109.01","58.25","1","1010.94","13.66","181.84","136.74","2026-02-07 15:47:38-06"
35,"Turbine_11","252.36","304.53","-16.92","67.69","64.76","55.33","55.95","3","543.89","6.04","250.43","131.36","2026-02-07 15:47:38-06"
36,"Turbine_12","274.04","223.61","39.42","45.39","45.67","102.04","57.42","3","1178.76","19.99","276.63","71.7","2026-02-07 15:47:39-06"
37,"Turbine_1","147.34","336.92","-15.47","62.14","95.26","117.9","47.07","5","1369.09","8.8","259.82","63.02","2026-02-07 15:47:41-06"
38,"Turbine_2","122.13","97.71","4.11","66.52","107.87","28.83","56.64","5","698.16","15.95","125.31","128.38","2026-02-07 15:47:42-06"
39,"Turbine_3","148.66","358.45","36.59","29.34","65.15","59.01","58.34","4","1155.18","9.86","205.76","105.96","2026-02-07 15:47:42-06"
40,"Turbine_4","281.2","301.83","11.02","44.64","181.92","54.61","47.28","4","376.09","12.29","342.73","146","2026-02-07 15:47:43-06"
41,"Turbine_5","142.59","344.02","18.49","23.27","95.81","64.91","41.89","5","1356.13","21.26","124.4","89.07","2026-02-07 15:47:43-06"
42,"Turbine_6","194.88","39.61","-13.16","41.97","39.35","83.68","52.5","2","887.24","3.67","315.1","128.63","2026-02-07 15:47:44-06"
43,"Turbine_7","297.81","169.47","39.26","17.19","204.02","44.21","47.32","1","1369.79","7.03","188.36","30.94","2026-02-07 15:47:44-06"
44,"Turbine_8","317.99","172.59","41.21","12.79","22.58","121.91","53.52","5","117.31","11.68","330.79","67.17","2026-02-07 15:47:45-06"
45,"Turbine_9","254.32","182.61","39.14","20.43","71.59","66.23","55.13","4","595.77","13.62","219.74","114.2","2026-02-07 15:47:45-06"
46,"Turbine_10","311.57","273.07","-7.29","17.8","170.28","115.44","45.94","5","577.63","14.26","208.24","79.62","2026-02-07 15:47:46-06"
47,"Turbine_11","314.4","210.75","17.22","31.82","90.49","50.62","54.93","4","1469.53","2.29","315.09","123.92","2026-02-07 15:47:46-06"
48,"Turbine_12","343.77","257.82","-9.42","18.81","15.8","55.06","55.89","1","241.85","10.58","196.26","128.98","2026-02-07 15:47:47-06"
49,"Turbine_1","15.83","331.57","3.66","37.42","155.67","65.78","59.39","4","285.27","9.91","79.51","70.3","2026-02-07 15:47:49-06"
50,"Turbine_2","164.43","225.74","4.95","23.69","47.07","77.62","48.42","3","1338.71","14.5","314.54","66.24","2026-02-07 15:47:50-06"
51,"Turbine_3","24.79","81.61","15.95","65.7","99.62","116.17","51.85","3","483.32","8.55","251.94","27.63","2026-02-07 15:47:50-06"
52,"Turbine_4","319.68","224.79","9.39","11.71","16.03","128.94","56.19","3","96.64","13.07","346.55","73.31","2026-02-07 15:47:51-06"
53,"Turbine_5","85.96","184.27","-14.02","28.02","149.62","99.28","45.76","2","1474.83","7.39","57.17","137.23","2026-02-07 15:47:51-06"
54,"Turbine_6","276.56","179.39","-11.42","26.75","85.63","45.44","40.2","1","1328.92","10.23","320.64","89.98","2026-02-07 15:47:52-06"
55,"Turbine_7","146.91","243","-29.4","14.37","133.3","26.26","54.72","2","344.09","21.49","259.17","147.12","2026-02-07 15:47:52-06"
56,"Turbine_8","9.84","283.23","-28.57","34.84","75.27","93.21","40.7","3","896.11","16.32","160.85","91.72","2026-02-07 15:47:53-06"
57,"Turbine_9","125.55","15.67","-1.94","52.27","68.02","73.77","45.4","1","904.36","17.45","194.87","148.48","2026-02-07 15:47:53-06"
58,"Turbine_10","314.65","184.2","34.97","60.77","31.15","99.69","44.17","4","1208.35","8.14","232.28","73.03","2026-02-07 15:47:54-06"
59,"Turbine_11","167.52","95.52","7.33","29.34","130.31","24.45","48.65","5","1486.19","11.93","265.7","56.7","2026-02-07 15:47:54-06"
60,"Turbine_12","186.14","146.41","20.21","20.25","145.11","94.8","52.31","2","533.75","5.02","175.66","118.85","2026-02-07 15:47:55-06"
61,"Turbine_1","32.1","135.44","2.25","13.01","52.15","118.66","43.23","1","602.38","11.42","347.31","46.94","2026-02-07 15:47:57-06"
62,"Turbine_2","328.42","34.67","41.32","30.82","118.33","50.65","51.94","3","477.59","24.05","78.54","78.28","2026-02-07 15:47:58-06"
63,"Turbine_3","30.91","106.15","-14.21","17.06","71.07","29.32","58.38","5","773.9","3.17","290.72","33.73","2026-02-07 15:47:58-06"
64,"Turbine_4","301.22","40","-7.56","10.82","18.72","118.07","47.37","2","1152.5","2.65","55.56","104.76","2026-02-07 15:47:59-06"
65,"Turbine_5","242.82","90.36","24.52","58.34","35.6","92.17","41.99","2","966.98","17.46","240.45","112.28","2026-02-07 15:47:59-06"
66,"Turbine_6","6.06","246.8","-11.8","19.58","150.16","29.4","55.07","2","1321.13","2.69","302.63","85.49","2026-02-07 15:48:00-06"
67,"Turbine_7","94.07","91.43","-9.7","11.78","48.99","42.55","51.51","1","966.83","4.09","275.45","74.31","2026-02-07 15:48:00-06"
68,"Turbine_8","185.3","179.32","-20.72","21.28","60.41","105.22","43.96","2","112.32","10.79","118.05","86.76","2026-02-07 15:48:01-06"
69,"Turbine_9","14.28","66.66","-16.02","12.12","95.96","94.31","42.73","3","1249.5","3","114.4","80.03","2026-02-07 15:48:01-06"
70,"Turbine_10","207.38","158.74","43.66","52.55","201.98","128.42","47.98","4","1140.79","9.09","334.03","86.19","2026-02-07 15:48:02-06"
71,"Turbine_11","9.43","302.35","18.87","37.35","3.63","38.06","44.14","3","380.82","2.11","146.27","123.01","2026-02-07 15:48:02-06"
72,"Turbine_12","111.33","237.37","-21.7","52.62","13.26","91.6","48.31","3","1174.62","13.87","268.09","105.34","2026-02-07 15:48:03-06"
73,"Turbine_1","285.97","326.22","12.53","49.46","150.46","74.03","42.36","5","1166.52","6.17","112.87","60.8","2026-02-07 15:48:05-06"
74,"Turbine_2","80.15","101.81","-26.22","32.43","172.23","46.67","52.14","5","1213.53","11.83","257.14","127.9","2026-02-07 15:48:06-06"
75,"Turbine_3","179.74","60.5","-29.78","19.26","193.1","22.77","58.92","5","1005.44","18.72","216.94","52.78","2026-02-07 15:48:06-06"
76,"Turbine_4","61.3","169.88","-1.83","36.88","107.71","73.15","49.06","4","114.15","23.93","194.37","49.78","2026-02-07 15:48:07-06"
77,"Turbine_5","193.81","357.14","32.86","45.33","133.4","50.2","42.24","2","323.12","11.89","346.52","61.1","2026-02-07 15:48:07-06"
78,"Turbine_6","45.9","352.71","-22.34","38.54","100.22","41.42","41.05","3","1260.57","22.44","250.34","35.33","2026-02-07 15:48:08-06"
79,"Turbine_7","10.88","0.02","37.3","39.32","95.06","68.36","52.22","4","88.46","7.18","292.72","140.72","2026-02-07 15:48:08-06"
80,"Turbine_8","355.19","165.69","5.23","27.91","173.87","118.84","48.19","5","1131.45","15.5","90.14","116.3","2026-02-07 15:48:09-06"
81,"Turbine_9","245.22","31.48","-7.97","39.3","187.33","119.33","55.18","5","188.52","4.08","332.89","40.38","2026-02-07 15:48:09-06"
82,"Turbine_10","165.1","100.53","38.35","52.55","193.17","64.89","50.25","3","802.22","16.67","154.73","111.14","2026-02-07 15:48:10-06"
83,"Turbine_11","342.24","117.54","32.99","41.28","170.59","98.15","51.15","4","1089.61","21.52","91.95","36.29","2026-02-07 15:48:10-06"
84,"Turbine_12","291.24","187.63","-23.86","57.7","149.53","20.28","43.33","1","1279.91","5.16","195.06","140.36","2026-02-07 15:48:11-06"
85,"Turbine_1","177.66","151.54","9.87","32.8","196.15","85.14","53.82","1","215.11","22.1","229.12","81.69","2026-02-07 15:48:13-06"
86,"Turbine_2","286.67","191.12","42.81","55.38","0.36","51.74","52.53","5","776.02","14.14","142.58","71.05","2026-02-07 15:48:14-06"
87,"Turbine_3","231.06","93.9","-1.5","65.62","204.06","107.76","47.62","1","1078.44","17.73","110.87","58.4","2026-02-07 15:48:14-06"
88,"Turbine_4","243.88","25.39","29.92","61.16","159.93","87.76","51.87","2","1165.7","2.36","101.41","37.53","2026-02-07 15:48:15-06"
89,"Turbine_5","178.08","125.64","31.02","35.71","164.33","75.77","58.27","4","744.45","22.84","58.72","85.38","2026-02-07 15:48:15-06"
90,"Turbine_6","125.81","31.55","-7.6","67.29","54.9","105.54","51.63","4","290.44","4.6","88.03","110.16","2026-02-07 15:48:16-06"
91,"Turbine_7","138.2","161.97","16.45","64.68","128.52","63.92","47.49","5","92.01","4.96","106.31","46.6","2026-02-07 15:48:16-06"
92,"Turbine_8","126.71","197.74","-24.81","69.14","170.31","46.27","43.91","4","112.5","5.02","109.81","75.16","2026-02-07 15:48:17-06"
93,"Turbine_9","148","153.1","30.01","27.92","23.5","102.66","57.47","2","233.98","7.15","134.38","88.98","2026-02-07 15:48:17-06"
94,"Turbine_10","322.98","109.55","14.61","38.64","120.08","101.06","53.68","4","557.24","19.47","137.36","65.74","2026-02-07 15:48:18-06"
95,"Turbine_11","190.01","54.89","24.42","46.59","155.48","36.02","49.3","4","425.32","12.31","67.63","77.58","2026-02-07 15:48:18-06"
96,"Turbine_12","120.64","60.15","27.5","63.65","164.93","85.96","51.88","5","948.37","6.89","314.61","148.67","2026-02-07 15:48:19-06"
97,"Turbine_1","264.24","147.16","20.07","43.57","48.86","101.51","55.13","2","1314.4","14.96","309.36","119.37","2026-02-07 15:48:21-06"
98,"Turbine_2","53.72","121.58","-14.43","42.85","5.94","107.57","51.57","2","765.7","3.54","93.85","48.32","2026-02-07 15:48:22-06"
99,"Turbine_3","141.19","155.77","-10.12","41.53","23.69","55.66","59.78","5","755.03","23.34","190.3","148.62","2026-02-07 15:48:22-06"
100,"Turbine_4","282.12","289.5","21.66","12.16","58.11","32.55","45.08","2","1317.33","24.58","202.33","78.61","2026-02-07 15:48:23-06"
101,"Turbine_5","175.58","50.95","29.96","18.52","74.27","38.87","44.37","2","684.2","5.56","246.68","36.47","2026-02-07 15:48:23-06"
102,"Turbine_6","51.45","228.06","10.27","16.64","54.15","71.45","43.27","2","1111.26","9.61","307.19","130.06","2026-02-07 15:48:24-06"
103,"Turbine_7","44.31","66.63","-12","34.81","114.75","34.95","52.11","1","610.63","21.04","59.21","111.77","2026-02-07 15:48:24-06"
104,"Turbine_8","8.43","123.72","12.98","46.48","67.96","62.71","59.1","3","968.09","20.79","324.24","121.6","2026-02-07 15:48:25-06"
105,"Turbine_9","24.12","305.89","24.01","27.6","159.75","36.15","56.22","4","673.37","15.65","85.12","115.94","2026-02-07 15:48:25-06"
106,"Turbine_10","202.03","181.64","-7.1","43.66","104.39","28.98","48.37","4","495.35","12.98","231.74","83.25","2026-02-07 15:48:26-06"
107,"Turbine_11","250.14","237.1","43.76","23.86","139.63","120.27","49.74","4","188.55","23.6","305.45","131","2026-02-07 15:48:26-06"
108,"Turbine_12","194.03","323.34","29.87","32.16","58.42","103.88","44.23","3","249.23","13.79","338.02","103","2026-02-07 15:48:27-06"
109,"Turbine_1","143.91","138.09","-5.28","32.4","4.86","93.63","56.28","5","343.12","11.05","259.28","80.56","2026-02-07 15:48:29-06"
110,"Turbine_2","150.52","101.49","19.68","16.27","48.64","54.35","47.77","3","197.97","13.6","63.62","30.63","2026-02-07 15:48:30-06"
111,"Turbine_3","312.59","57.1","-20.28","32.11","149.55","53.88","44.9","2","268.4","6.71","245.35","25.36","2026-02-07 15:48:30-06"
112,"Turbine_4","182.82","55.74","4.33","38.81","185.11","68.45","54.16","2","459.3","2.51","116.44","148.92","2026-02-07 15:48:31-06"
113,"Turbine_5","325.11","29.29","-26.55","41.91","163.37","39.12","55.6","5","946.73","21.48","204.56","103.67","2026-02-07 15:48:31-06"
114,"Turbine_6","32.5","323.93","-6.55","37.73","182.62","48.7","48.61","4","1117.91","6.71","89.39","96.07","2026-02-07 15:48:32-06"
115,"Turbine_7","22.12","267.22","-0.93","37.77","145.21","103.9","41.01","3","1303.73","22.68","183.47","29.4","2026-02-07 15:48:32-06"
116,"Turbine_8","88.21","37.51","44.07","32.24","167.8","67.63","49.94","1","293.79","5.88","194.72","41.55","2026-02-07 15:48:33-06"
117,"Turbine_9","129.65","234.18","20.45","46.11","53.09","129.85","52.99","1","375.39","22.33","241.31","131.84","2026-02-07 15:48:33-06"
118,"Turbine_10","240.86","350.03","41.11","45.27","67.1","72.19","51.78","5","1421.65","19.73","204.62","30.76","2026-02-07 15:48:34-06"
119,"Turbine_1","2.5","41.76","16.02","62.6","43.45","30.53","55.76","2","370.66","12.81","347.64","135.59","2026-02-16 14:41:11-06"
120,"Turbine_2","142.81","62.13","-8.1","13.47","38.89","116.99","42.5","5","743.62","4.31","319.77","148.32","2026-02-16 14:41:12-06"
121,"Turbine_3","96.04","51.86","39.81","64.63","176.39","78.01","52.05","3","754.27","21.34","145.84","137.32","2026-02-16 14:41:12-06"
122,"Turbine_4","133.39","76.01","10.7","38.16","151.17","76.62","42.96","5","1304.36","24.34","128.03","141.97","2026-02-16 14:41:13-06"
123,"Turbine_5","313.41","334.83","-19.67","17.24","122.74","84.4","42.06","3","1279.69","12.48","121.68","138.72","2026-02-16 14:41:13-06"
124,"Turbine_6","132.11","173.84","29.44","53.07","137.41","122.45","42.93","2","1133.13","18.97","261.49","101.51","2026-02-16 14:41:14-06"
125,"Turbine_7","338.19","337.23","35.98","46.51","46.69","57.4","42.72","2","576.92","22.33","309.34","33.43","2026-02-16 14:41:14-06"
126,"Turbine_8","44.2","177.23","44.17","47.05","203.81","92","58.88","2","1018.91","15.68","200.01","140.96","2026-02-16 14:41:15-06"
127,"Turbine_9","251.92","68.1","10.85","42.44","154.13","125.73","58.88","1","1083.8","14.38","154.42","50.51","2026-02-16 14:41:15-06"
128,"Turbine_10","28.37","216.76","-6.05","25.36","191.01","67.19","47.24","5","797.01","15.87","244.28","140.43","2026-02-16 14:41:16-06"
129,"Turbine_11","222.49","138.86","32.54","49.96","140.3","128.94","48.54","5","102.6","3.09","69.97","149.99","2026-02-16 14:41:16-06"
130,"Turbine_12","207.79","84.76","6.37","32.6","32.53","84.65","53.21","2","1456.49","21.67","197.99","124.39","2026-02-16 14:41:17-06"
131,"Turbine_1","333.03","280.97","42.98","24.35","161.07","58.53","45.1","2","752.75","15.77","333.26","126.08","2026-02-16 14:41:19-06"
132,"Turbine_2","223.63","127.49","-10.37","11.05","140.68","46.48","43.5","3","1139.39","24.34","231.69","37.92","2026-02-16 14:41:20-06"
133,"Turbine_3","113.78","44.04","-17.08","69.35","140.53","29.17","54.16","5","1417.36","11.41","140.82","70.41","2026-02-16 14:41:20-06"
134,"Turbine_4","334.77","36.44","26.45","16","131.76","45.83","52.51","3","939.04","20.13","273.3","31.57","2026-02-16 14:41:21-06"
135,"Turbine_5","206.65","254.69","43.6","60.97","160.27","73.77","55.23","4","664.71","13.51","341.08","138.6","2026-02-16 14:41:21-06"
136,"Turbine_6","41.44","126.14","37.13","57.97","149.45","104.87","47.74","3","978.5","9.43","336.96","107.64","2026-02-16 14:41:22-06"
137,"Turbine_7","1.49","194.37","19.4","17.84","179.26","107.69","43.89","5","154.39","6.86","134.7","144.19","2026-02-16 14:41:22-06"
138,"Turbine_8","334.96","240.3","39.56","31.57","107.75","120.39","55.19","2","329.52","16.28","248.56","59.27","2026-02-16 14:41:23-06"
139,"Turbine_9","234.21","212.72","42.59","10.83","61.23","33.99","42.44","2","1362.35","15.21","257.05","51.13","2026-02-16 14:41:23-06"
140,"Turbine_10","71.83","131.58","-7.87","27.1","178.05","111.98","45.47","1","1400.57","5.04","235.58","107.8","2026-02-16 14:41:24-06"
141,"Turbine_11","306.61","341.76","29.23","42.69","71.05","37.86","49.57","2","856.7","19.81","237.17","42.16","2026-02-16 14:41:24-06"
142,"Turbine_12","74.64","111.83","36","30.68","71.65","91.29","40.47","5","997.75","15.28","213.5","100.65","2026-02-16 14:41:25-06"
143,"Turbine_1","352.07","332.7","5.1","64.24","150.55","46.49","50.76","4","616.04","18.3","326.79","69.12","2026-02-16 14:41:27-06"
144,"Turbine_2","204.4","347.34","-4.41","62.11","27.32","75.32","52.1","4","315.89","16.38","349.04","56.87","2026-02-16 14:41:28-06"
145,"Turbine_3","152.99","304.25","-17.18","47.63","178.47","25.95","43.83","5","450.39","9.43","182.21","106.14","2026-02-16 14:41:28-06"
146,"Turbine_4","133.27","111.93","25.42","44.65","3.22","99.53","43.04","5","1094.76","10.97","316.66","28.61","2026-02-16 14:41:29-06"
147,"Turbine_5","234.27","290.63","2.72","55.53","200.93","25.79","40.41","3","416.18","24.84","207.66","140.98","2026-02-16 14:41:29-06"
148,"Turbine_6","289.36","213.79","30.86","59.45","162.82","102.87","55.51","2","1185.53","15.92","347.14","33.74","2026-02-16 14:41:30-06"
149,"Turbine_7","68.91","334.74","-12.81","47.01","6.04","33.27","58.56","1","1173.02","2.52","204.73","135.69","2026-02-16 14:41:30-06"
150,"Turbine_8","7.35","290.54","-8.28","42.9","203.16","55.85","42.2","5","348.81","3.15","68.04","131.1","2026-02-16 14:41:31-06"
151,"Turbine_9","55.59","3.07","21.54","14.59","41.5","118.47","46.96","2","733.1","13.18","233.63","127.4","2026-02-16 14:41:31-06"
152,"Turbine_10","235.46","2.35","-27.63","23.74","78.14","21.42","55.77","4","894.13","15.28","133.54","55.11","2026-02-16 14:41:32-06"
153,"Turbine_11","34.09","38.89","-8.09","22.55","30.5","99.17","52.96","3","214.38","8.79","81.97","27.37","2026-02-16 14:41:32-06"
154,"Turbine_12","114.98","10.92","40.61","43.46","118.12","60.92","42.09","1","1424.1","10.77","166.85","55.53","2026-02-16 14:41:33-06"
155,"Turbine_1","34.39","132.94","42.81","35.83","69.69","99.2","41.71","5","741.55","14.55","187.74","60.37","2026-02-16 14:41:35-06"
156,"Turbine_2","290.62","225.3","-24.78","30.97","194.89","41.76","52.06","5","783.46","6.86","217.5","80.49","2026-02-16 14:41:36-06"
157,"Turbine_3","330.51","315.44","39.36","22.59","34.88","105.86","48.49","2","789.88","10.43","206.85","28.49","2026-02-16 14:41:36-06"
158,"Turbine_4","199.7","249.98","27.45","26.18","106.58","91.04","50.17","5","1099.92","24.06","290.56","63.96","2026-02-16 14:41:37-06"
159,"Turbine_5","147.61","65.14","-9.63","38.12","127.53","37.29","52.11","3","1328.65","4.93","349.55","50.39","2026-02-16 14:41:37-06"
160,"Turbine_6","226.82","352.22","8.25","19.3","65.21","94.25","48.35","2","583.04","23.25","307.15","78.35","2026-02-16 14:41:38-06"
161,"Turbine_7","20.72","15.07","-18.55","46.66","31.5","99.33","50.26","5","345.53","21.78","69.36","110.73","2026-02-16 14:41:38-06"
162,"Turbine_8","102.31","169.61","24.17","23.24","92.86","49.34","42.02","1","1155.99","7.24","85.08","107.56","2026-02-16 14:41:39-06"
163,"Turbine_9","76.01","71.96","-23.74","16.15","84.98","107.78","54.42","1","446.74","22.19","168.14","77.86","2026-02-16 14:41:39-06"
164,"Turbine_10","22.88","176.51","-0.97","36.52","68.31","33.23","45.1","1","280.51","9.61","193.17","146.6","2026-02-16 14:41:40-06"
165,"Turbine_11","205.78","95.19","16.04","17.62","28.75","100.92","40.76","5","1326.92","6.83","275.87","105.27","2026-02-16 14:41:40-06"
166,"Turbine_12","236.84","344.19","24.35","32.25","53.38","38.68","53.88","4","1295.51","23.87","244.44","123.89","2026-02-16 14:41:41-06"
167,"Turbine_1","352.19","111.37","44.14","65.65","197.98","25.96","46.55","5","577.93","2.62","314.58","46.63","2026-02-16 14:41:43-06"
168,"Turbine_2","65.06","211.14","32.06","31.4","165.9","74.96","49.25","4","446.98","14.06","328.46","91.09","2026-02-16 14:41:44-06"
169,"Turbine_3","197.1","31.55","-27.61","13.28","93.26","63.99","46.61","2","973.49","2.36","298.04","41.77","2026-02-16 14:41:44-06"
170,"Turbine_4","274.63","41.54","-18.44","24.49","11.86","108.24","45.91","1","1322.73","24.01","171.53","87.23","2026-02-16 14:41:45-06"
171,"Turbine_5","82.52","51.05","13.83","38.45","95.18","69.32","48.09","5","861.95","12.96","337.45","141.06","2026-02-16 14:41:45-06"
172,"Turbine_6","120.28","257.64","15.2","43.44","201.39","100.27","43.39","3","461.39","6.62","58.1","48.82","2026-02-16 14:41:46-06"
173,"Turbine_7","209.87","212.1","-4.62","58.21","68.38","26.17","57.61","1","806.56","4.36","125.58","40.95","2026-02-16 14:41:46-06"
174,"Turbine_8","281.12","161.41","18.58","18.04","169.6","112.55","57.89","4","527.73","4.34","336.36","59.98","2026-02-16 14:41:47-06"
175,"Turbine_9","0.86","102.7","-16.27","33.17","27.8","53.86","56.69","3","638.79","20.18","266.64","49.92","2026-02-16 14:41:47-06"
176,"Turbine_10","102.01","269.14","32.28","66.58","131.07","80.93","43.64","4","830.36","10.61","343.29","109.72","2026-02-16 14:41:48-06"
177,"Turbine_11","131.29","108.71","-5.3","52.45","77.49","86.58","54.7","5","981.58","21.49","225.59","64.2","2026-02-16 14:41:48-06"
178,"Turbine_12","304.13","126.16","23.03","57.83","72.59","118.23","58.6","3","1182.76","15.24","198.12","71.25","2026-02-16 14:41:49-06"
179,"Turbine_1","166.22","91.97","-19.46","26.43","165.17","44.6","43.23","4","1022.18","14.45","91.85","112.69","2026-02-16 14:41:51-06"
180,"Turbine_2","329.13","6.31","18.78","57.26","109.34","98.56","48.84","3","1248.55","7.06","91.97","84.89","2026-02-16 14:41:52-06"
181,"Turbine_3","28.49","249.06","20.17","61.88","208.45","49.18","41.41","3","276.34","23.28","242.41","101.94","2026-02-16 14:41:52-06"
182,"Turbine_4","157.89","355.94","21.77","44.46","201.79","26.86","50.55","3","69.66","4.88","205.19","137.21","2026-02-16 14:41:53-06"
183,"Turbine_5","230.61","281.47","-14.55","54.49","50.34","65.78","52.48","2","1029.13","13.2","101.03","34.66","2026-02-16 14:41:53-06"
184,"Turbine_6","5.52","294.42","7.15","15.6","161","104.38","40.92","5","494.5","11.26","341.77","35.83","2026-02-16 14:41:54-06"
185,"Turbine_7","32.08","68.07","36.98","36.13","183.52","33.06","58.91","5","231.23","15.33","100.51","123.48","2026-02-16 14:41:54-06"
186,"Turbine_8","335.23","93.77","12.47","39.93","206.5","22.14","56.39","4","978.96","9.71","246.15","65.69","2026-02-16 14:41:55-06"
187,"Turbine_9","167.34","74.72","16.23","52.4","47.39","123.67","56.17","3","877.44","15.44","276.08","67.12","2026-02-16 14:41:55-06"
188,"Turbine_10","143.75","193.07","-9.83","15.35","47.68","42.78","46.95","3","912.12","24.69","262.3","118.09","2026-02-16 14:41:56-06"
189,"Turbine_11","334.3","295.39","-2.08","20.34","25.84","24.02","56.02","4","1034.94","7.04","209.1","117.05","2026-02-16 14:41:56-06"
190,"Turbine_12","116.45","342.65","9.16","19.46","172.38","73","40.88","4","494.7","16.3","235.64","115.02","2026-02-16 14:41:57-06"
191,"Turbine_1","125.36","202.62","-20.48","42.07","23.92","21.88","41.34","3","367.57","4.3","229.68","129.53","2026-02-16 14:41:59-06"
192,"Turbine_2","165.4","90.3","13.92","22.04","193.8","33.17","55.15","3","1348.32","15.72","252.7","101.82","2026-02-16 14:42:00-06"
193,"Turbine_3","85.8","325.42","44.86","59.81","123.79","90.29","49.07","3","341.42","6.17","271.78","111.37","2026-02-16 14:42:00-06"
194,"Turbine_4","142.41","77.11","-26.16","15.59","24.18","127.37","47.92","3","1227.18","15.23","261.12","104.13","2026-02-16 14:42:01-06"
195,"Turbine_5","206.92","221.54","-27.23","46.31","31.33","81.51","53.6","2","1440.99","6.01","270.83","113.25","2026-02-16 14:42:01-06"
196,"Turbine_6","11.52","199.12","42.68","46.84","177.49","116.82","48.19","4","65.89","12.28","97.93","88.06","2026-02-16 14:42:02-06"
197,"Turbine_7","108.57","28.66","27.28","17.11","43.34","74.7","47.19","1","165.08","18.58","280.96","41.28","2026-02-16 14:42:02-06"
198,"Turbine_8","144.88","225.43","-0.49","32.01","182.07","34.96","56.97","4","295.55","24.98","189.81","76.43","2026-02-16 14:42:03-06"
199,"Turbine_9","346.91","347.88","33.36","36.37","72.86","128.67","57.99","5","807.29","4.02","220.42","147.48","2026-02-16 14:42:03-06"
200,"Turbine_10","20.09","259.79","6.9","51.46","104.63","117.47","43.09","4","585.7","18.15","286.91","142.96","2026-02-16 14:42:04-06"
201,"Turbine_11","310.02","163.76","11.88","67.16","52.34","98.58","42.15","2","417.2","3.85","327.48","52.18","2026-02-16 14:42:04-06"
202,"Turbine_12","207.17","180.71","44.7","11.68","156.51","33.69","46.86","2","260.31","18.18","50.48","94.55","2026-02-16 14:42:05-06"
203,"Turbine_1","223.25","299.15","-19.21","67.45","97.84","68.9","54.91","3","85.71","7.26","72.2","126.44","2026-02-16 14:42:07-06"
204,"Turbine_2","330.65","113.37","44.76","45.11","162.43","51.87","59.3","4","476.96","4.53","343.06","134.08","2026-02-16 14:42:08-06"
205,"Turbine_3","95.26","321.22","9.35","28.13","33.34","109.93","52.56","1","1112","10.1","235.87","62.22","2026-02-16 14:42:08-06"
206,"Turbine_4","311.66","155.32","17.1","53.03","197.99","106.1","51.65","3","1369.66","16.34","100.33","53.56","2026-02-16 14:42:09-06"
207,"Turbine_5","8.03","328.21","39.32","45.08","13.52","34.38","54.39","3","50.6","20.78","147.81","114.85","2026-02-16 14:42:09-06"
208,"Turbine_6","209.6","252.79","41.33","46.15","13.19","117.31","51.19","5","971.46","10.43","121.34","67.75","2026-02-16 14:42:10-06"
209,"Turbine_7","268.51","334.74","5.18","28.6","81.4","127.84","49.24","3","1343.72","2.59","218.19","102.26","2026-02-16 14:42:10-06"
210,"Turbine_8","213.61","100.94","33.44","62.8","162.47","100.21","44.52","3","334.27","5.19","275.74","72.39","2026-02-16 14:42:11-06"
211,"Turbine_9","251.43","240.8","-4.91","51.84","106.72","91.77","58.67","4","1079.57","15.25","225.93","47.53","2026-02-16 14:42:11-06"
212,"Turbine_10","191.02","250.41","8.92","40.5","128.7","81.91","50.05","5","455.32","24.67","320.9","42.26","2026-02-16 14:42:12-06"
213,"Turbine_11","336.87","232.82","-22.89","50.49","83.62","102.2","53.93","1","1288.95","15.47","90.72","94.85","2026-02-16 14:42:12-06"
214,"Turbine_12","20.71","167.48","5.48","28.48","91.64","84.31","40.88","5","1056.29","4.7","120.04","67.65","2026-02-16 14:42:13-06"
215,"Turbine_1","321.83","350.52","7.15","28.17","76.5","43.42","41.08","1","806.56","6.78","349.98","52.8","2026-02-16 14:42:15-06"
216,"Turbine_2","155.4","257.4","10.85","56.69","90.69","107.55","46.9","3","384.12","10.66","299.2","82.08","2026-02-16 14:42:16-06"
217,"Turbine_3","184.51","124.45","5.27","28.65","45.15","23.92","52.98","4","588.22","8.69","245.98","61.25","2026-02-16 14:42:16-06"
218,"Turbine_4","225.95","224.72","39.28","40.01","81.91","125.57","57.91","3","1301.9","12.03","267.18","25.41","2026-02-16 14:42:17-06"
219,"Turbine_5","198.54","75.27","-12.76","40.74","169.51","93.43","53.78","4","881.93","9.01","95.67","89.84","2026-02-16 14:42:17-06"
220,"Turbine_6","48.55","128.03","40","46.84","179.7","98.28","50.44","1","1225.99","13.88","239.7","74.61","2026-02-16 14:42:18-06"
221,"Turbine_7","107.04","189.46","44.09","67.04","89.75","63.64","47.95","5","1171.92","6.14","339.54","135.43","2026-02-16 14:42:18-06"
222,"Turbine_8","144.08","289.67","4.22","27.43","151.19","108.97","48.7","5","619.16","8.98","277.38","116.17","2026-02-16 14:42:19-06"
223,"Turbine_9","248.42","146.06","11.47","47.27","48.59","107.95","59.21","3","767.9","18.11","264.26","143.95","2026-02-16 14:42:19-06"
224,"Turbine_10","88.49","232.81","33.2","24.34","32.34","90.82","42.82","1","1135.25","7.79","247.16","94.47","2026-02-16 14:42:20-06"
225,"Turbine_11","245.23","138.05","44.41","32","49.7","73.92","52.15","1","440.99","10.47","176.89","67.58","2026-02-16 14:42:20-06"
226,"Turbine_12","70.6","86.04","30.59","22.99","25.35","81.39","40.31","5","805.98","5.81","289.36","91.5","2026-02-16 14:42:21-06"
227,"Turbine_1","329.22","338.93","27.29","61.45","118.17","79.84","46.01","3","492.59","20.41","214.98","133.8","2026-02-16 14:42:23-06"
228,"Turbine_1","239.99","149.17","-4.09","34.52","142.62","91.22","52.04","2","504.97","13.16","224.14","101.93","2026-02-23 16:56:19-06"
229,"Turbine_2","108.62","164.51","25","17.77","47.26","122.98","59.92","2","492.29","14.14","215.65","132.84","2026-02-23 16:56:19-06"
230,"Turbine_3","240.9","134.61","-5.52","40.79","181.55","22.99","41.35","4","1306.47","5.18","137.24","138","2026-02-23 16:56:20-06"
231,"Turbine_4","266.35","57.29","31.17","50.34","124.56","122.25","54.62","1","51.85","3.86","87.7","124.85","2026-02-23 16:56:20-06"
232,"Turbine_5","199.09","284.33","-27.79","26.48","126.72","75.01","53.13","3","1184.23","6.46","337.56","47.76","2026-02-23 16:56:21-06"
233,"Turbine_6","297.83","195.08","28.85","64.23","26.62","112.39","46.46","4","1132.93","19.32","148.09","141.23","2026-02-23 16:56:21-06"
234,"Turbine_7","205.2","93.38","-3.6","63.15","209.76","67.6","46.06","3","981.27","16.04","63.5","30.12","2026-02-23 16:56:22-06"
235,"Turbine_8","302.58","275.97","36.53","26.25","113.14","56.77","58.96","3","268.63","12.32","108.55","59.35","2026-02-23 16:56:22-06"
236,"Turbine_9","216.54","166.64","-6.19","32.5","94.19","104.27","56.8","2","1390.78","15.4","335.75","36.03","2026-02-23 16:56:23-06"
237,"Turbine_10","191.81","286.34","-5.42","56.01","166.37","23.65","45.93","1","790.84","7.37","219.77","52.71","2026-02-23 16:56:23-06"
238,"Turbine_11","163.87","22.48","-24.51","51.78","47.66","94.4","40.31","2","642.27","10.48","349.62","107.91","2026-02-23 16:56:24-06"
239,"Turbine_12","72.66","174.04","36.46","65.74","20.96","21.45","54.23","3","1170.8","14.45","267.15","40.59","2026-02-23 16:56:24-06"
240,"Turbine_1","339.9","53.69","-11.27","24.74","207.82","60.62","46.74","3","546.81","2.16","249.05","105.67","2026-02-23 16:56:27-06"
241,"Turbine_2","82.06","4.57","-22.93","64.33","120.39","22.5","42.61","3","862.19","22.65","201.8","32.72","2026-02-23 16:56:27-06"
242,"Turbine_3","301.45","107.46","-29.16","18.68","204.97","100.21","46.6","3","1160.46","3.36","57.14","69.18","2026-02-23 16:56:28-06"
243,"Turbine_4","76.42","118.71","2.34","28.48","197.54","25.58","44.73","5","58.62","14.08","199.88","87.63","2026-02-23 16:56:28-06"
244,"Turbine_5","256.11","47.18","13.34","61.85","68.63","53.88","54.46","5","910.7","11.48","59.18","125.42","2026-02-23 16:56:29-06"
245,"Turbine_6","340.12","273.98","35.96","68.04","148.46","92.95","56.24","5","956.58","12.25","99.76","77.55","2026-02-23 16:56:29-06"
246,"Turbine_7","175.26","162.11","43.1","63.51","58.83","95.13","47.01","3","573.81","12.82","229.49","85.67","2026-02-23 16:56:30-06"
247,"Turbine_8","65.7","219.16","31.22","47.41","156.23","74.85","58.28","2","1124.93","23.65","334.2","29.66","2026-02-23 16:56:30-06"
248,"Turbine_9","213.73","346.48","-13.22","53.38","149.11","99.9","50.76","2","1162.76","19.41","329.27","143.37","2026-02-23 16:56:31-06"
249,"Turbine_10","138.85","249.26","41.27","31.68","58.43","118.4","55.44","1","927.46","13.33","337.05","133.72","2026-02-23 16:56:31-06"
250,"Turbine_11","232.62","258.7","-4.81","33.53","21.14","120.08","52.58","2","802.52","20.67","104.13","49.66","2026-02-23 16:56:32-06"
251,"Turbine_12","128","25.87","44.92","58.66","188.21","29.23","45.75","4","185.93","14.11","96.81","146.48","2026-02-23 16:56:32-06"
252,"Turbine_1","8.01","356.73","37.29","15.87","131.97","55.8","54.06","5","371.77","2.38","304.64","82.9","2026-02-23 16:56:35-06"
253,"Turbine_2","230.2","30.64","-26.82","53.13","106.65","42.34","41.27","3","59.51","17.69","221.87","145.26","2026-02-23 16:56:35-06"
254,"Turbine_3","68.44","18.94","34.74","42.59","187.54","60.73","53.16","4","281.56","14.43","88.64","87.8","2026-02-23 16:56:36-06"
255,"Turbine_4","274.06","55.25","-9.77","58.45","95.22","98.41","53.56","2","1307.07","4.27","117.75","124.44","2026-02-23 16:56:36-06"
256,"Turbine_5","302.65","112.7","-28.44","40.4","161.21","33","55.67","4","917.81","7.28","330.58","41.57","2026-02-23 16:56:37-06"
257,"Turbine_6","263.06","153.02","-6.88","15.49","167.54","66.07","45.17","5","1030.98","8.47","159.59","118.96","2026-02-23 16:56:37-06"
258,"Turbine_7","278.64","157.65","-7.92","18.92","160.21","49.91","57.16","5","171.27","13.18","322.99","69.41","2026-02-23 16:56:38-06"
259,"Turbine_8","326.65","299.75","20.13","21.11","59.92","58.25","43.85","2","333.94","12","252.91","109.31","2026-02-23 16:56:38-06"
260,"Turbine_9","229.3","87.35","-19.93","20.23","171.52","59.81","49.43","3","1165.66","12.33","220.48","142.97","2026-02-23 16:56:39-06"
261,"Turbine_10","138.81","42.6","9.53","48.2","38.72","43.62","42.27","4","712.21","3.09","245.19","31.09","2026-02-23 16:56:39-06"
262,"Turbine_11","147.93","309.68","17.47","30.43","148.47","94.32","54.34","3","779.02","7.07","104.95","90.31","2026-02-23 16:56:40-06"
263,"Turbine_12","23.94","95.31","-26.85","17.04","23.21","26.49","48.56","3","1196.71","6.94","159.04","37.89","2026-02-23 16:56:40-06"
264,"Turbine_1","340.91","100.95","-28.75","49.51","0.85","58.05","42.17","3","1281.39","13.38","86.47","111.2","2026-02-23 16:56:43-06"
265,"Turbine_2","267.3","271.9","36.6","46.26","22.01","82.18","51.31","3","590.73","4.97","76.43","73.88","2026-02-23 16:56:43-06"
266,"Turbine_3","21.19","52.69","34.43","34.79","172.19","94.39","53.23","4","294.08","16.65","87.76","41.7","2026-02-23 16:56:44-06"
267,"Turbine_4","263.4","29.56","-27.13","33.97","54.83","26.89","59.38","1","801.52","22.82","290.92","82.92","2026-02-23 16:56:44-06"
268,"Turbine_5","150.55","216.21","0.41","17.96","51.27","40.39","44.89","5","551.42","18.96","104.49","100.01","2026-02-23 16:56:45-06"
269,"Turbine_6","88.14","79.21","33","31.62","205.66","106.36","46.98","4","377.51","24.65","260.89","122.02","2026-02-23 16:56:45-06"
270,"Turbine_7","319.09","351.89","37.08","31.58","99.42","78.74","56.17","3","1315.84","13.52","340.72","33.73","2026-02-23 16:56:46-06"
271,"Turbine_8","46.11","149.76","6.79","24.89","31.8","34.97","44.92","5","647.1","3.45","172.49","141.65","2026-02-23 16:56:46-06"
272,"Turbine_9","105.83","274.24","29.76","49.75","152.48","114.34","55.99","2","300.24","20.39","336.63","118.82","2026-02-23 16:56:47-06"
273,"Turbine_10","210.61","97.28","11.97","38.2","102.73","25.7","54.27","3","1054.9","2.61","278.79","119.84","2026-02-23 16:56:47-06"
274,"Turbine_11","80.34","17.78","34.48","22.98","66.3","121.42","55.42","3","1330.11","15.26","325.85","138.08","2026-02-23 16:56:48-06"
275,"Turbine_12","249.93","110.31","-7.69","56.16","155.32","31.37","50.31","3","571.8","24.18","208.24","90.41","2026-02-23 16:56:48-06"
276,"Turbine_1","73.43","209.04","-13.27","37.01","16.86","119.62","56.05","4","1219.95","24.34","55.37","41.02","2026-02-23 16:56:51-06"
277,"Turbine_2","265.42","181.98","33.78","62.46","13.79","37.25","56.99","1","199.08","9.22","276.56","75.38","2026-02-23 16:56:51-06"
278,"Turbine_3","53.71","113.32","-0.43","52.15","28.01","63.94","43.71","1","1318.5","23.03","145.48","140.33","2026-02-23 16:56:52-06"
279,"Turbine_4","23.92","259.19","-5.08","26.95","11.77","36.53","47.88","4","419.3","15.58","175.12","107.67","2026-02-23 16:56:52-06"
280,"Turbine_5","53.07","97.4","13.75","67.33","171.92","114.75","40.24","1","1482.49","10.79","215.53","111.78","2026-02-23 16:56:53-06"
281,"Turbine_6","29.76","37.85","28.5","51.29","47.24","125.4","55.14","3","873.21","3.18","226.32","149.21","2026-02-23 16:56:53-06"
282,"Turbine_7","307","292.36","15.95","41.51","90.5","115.45","54.47","2","848.55","18.58","56.62","83.86","2026-02-23 16:56:54-06"
283,"Turbine_8","169.04","138.53","36.92","39.49","148.91","108.03","50.87","4","998.46","21.65","88.79","145.17","2026-02-23 16:56:54-06"
284,"Turbine_9","2.35","112.29","-26.16","12.43","156.6","116.54","53.26","1","245.06","17.56","279.59","118.13","2026-02-23 16:56:55-06"
285,"Turbine_10","83.61","245.77","27.13","26.63","195.26","28.58","49.54","1","1316.75","5.43","254.9","35.75","2026-02-23 16:56:55-06"
286,"Turbine_11","281.34","205.19","9.81","17.72","145.13","84.78","44.29","1","1446.52","23.3","99.33","141.96","2026-02-23 16:56:56-06"
287,"Turbine_12","152.84","167.64","31.9","40.13","191.96","87.4","56.3","3","574.83","22.43","248.62","41.3","2026-02-23 16:56:56-06"
288,"Turbine_1","338.64","73.65","28.18","13.15","100.44","44.26","41.65","1","1287.01","22.64","264.15","122.29","2026-02-23 16:56:59-06"
289,"Turbine_2","116.33","123.77","7.09","26.53","55.79","58.28","53.4","5","63.93","7.2","256.64","102.49","2026-02-23 16:56:59-06"
290,"Turbine_3","293.08","170.58","4.33","44.12","90.83","66.5","42.35","3","584.04","22.46","226.13","144.21","2026-02-23 16:57:00-06"
291,"Turbine_4","1.9","356.26","40.28","31.38","32.12","87.72","57.62","1","1353.44","19.85","106.27","63.26","2026-02-23 16:57:00-06"
292,"Turbine_5","92.55","167.44","17.95","45.51","175.99","29.94","53.81","4","909.4","2.58","125.25","49.29","2026-02-23 16:57:01-06"
293,"Turbine_6","233.54","169.2","20.83","67.49","189.78","93.24","59.23","5","663.56","17.14","116.77","82.31","2026-02-23 16:57:01-06"
294,"Turbine_7","330.51","164.11","2.33","27.13","85","59.38","41.59","1","1215.26","5.69","104.04","62.97","2026-02-23 16:57:02-06"
295,"Turbine_8","123.71","234.09","38.11","18.06","166.34","117.18","55.56","2","904.23","20.27","253.06","118.7","2026-02-23 16:57:02-06"
296,"Turbine_9","347.48","271.74","-13.06","20.31","1.23","97.09","47.22","3","834.51","16.21","122.2","83.57","2026-02-23 16:57:03-06"
297,"Turbine_10","32.27","358.39","41.43","33.13","194.93","129.82","59.38","2","290.7","16.16","75.11","99.31","2026-02-23 16:57:03-06"
298,"Turbine_11","187.19","288.49","11.07","43.32","157.76","50.39","54.72","3","611.22","3.13","82.74","105.16","2026-02-23 16:57:04-06"
299,"Turbine_1","335.64","214.62","10.41","46.03","41.1","111.28","55.08","3","1190.76","6.59","122.29","149.83","2026-02-23 17:47:16-06"
300,"Turbine_2","344.39","356.88","-29.6","61.59","142.88","51.67","55.12","5","1453.26","13.63","193.09","126.39","2026-02-23 17:47:17-06"
301,"Turbine_3","229.35","219.18","3.51","40.28","165.92","37.38","44.64","3","403.8","8.13","234.54","134.31","2026-02-23 17:47:17-06"
302,"Turbine_4","231.75","186.68","7.14","56.69","44.08","23.12","50.84","3","1480.69","18.72","256.47","111.66","2026-02-23 17:47:18-06"
303,"Turbine_5","195.05","347.03","32.77","39.11","102.12","83.93","55.21","1","1426.38","24.99","217.94","90.1","2026-02-23 17:47:19-06"
304,"Turbine_6","306.85","284.49","29.31","59.88","76.02","108.46","53.54","3","932.25","24.76","74.59","63.74","2026-02-23 17:47:19-06"
305,"Turbine_7","209.97","188.46","29.53","54.39","0.51","52.51","40.99","2","1480.56","12.35","130.64","98.73","2026-02-23 17:47:20-06"
306,"Turbine_8","291.43","32.47","-13.12","51.34","138.8","94.6","59.72","3","1285.08","22.48","66.39","145.43","2026-02-23 17:47:20-06"
307,"Turbine_9","322.29","171.53","5.34","46.63","3.15","28.22","49.54","5","1496.36","17.91","302.21","113.21","2026-02-23 17:47:21-06"
308,"Turbine_10","2.73","269.26","4.14","30.58","184.26","91.12","51.06","1","371.56","7.82","325.28","117.36","2026-02-23 17:47:21-06"
309,"Turbine_11","212.84","275.34","26.24","40.08","4.03","102.51","41.13","3","1259.7","8.33","335.82","58.62","2026-02-23 17:47:22-06"
310,"Turbine_12","95.96","72.33","-18.79","69.69","164.36","109.96","57.72","5","620.85","11.88","109.73","51.06","2026-02-23 17:47:22-06"
311,"Turbine_1","103.72","47.01","-27.86","17.1","85.59","83.22","40.17","5","878.68","4.04","314.84","36.45","2026-02-23 17:47:25-06"
312,"Turbine_2","261.54","31.68","7.93","67.7","48.08","34.67","52.38","2","638.03","17.06","197.53","136.39","2026-02-23 17:47:25-06"
313,"Turbine_3","88.99","125.2","0.67","62.01","52.44","66.94","52.59","3","732.92","12.31","159.2","136.17","2026-02-23 17:47:26-06"
314,"Turbine_4","87.35","337.37","39.59","21.37","51.63","97.13","40.43","4","507.46","22.42","244.91","26.91","2026-02-23 17:47:26-06"
315,"Turbine_5","169.88","89.36","-28.66","61.86","60.83","93.59","52.36","1","862.19","23.57","125.5","53.13","2026-02-23 17:47:27-06"
316,"Turbine_6","54.52","69.52","-25.32","18.34","145.6","93.34","52.66","4","698.19","12.32","153.35","34.19","2026-02-23 17:47:27-06"
317,"Turbine_7","251.83","157.57","1.99","42.07","196.96","60.43","45.72","5","761.93","11.1","247.8","139.81","2026-02-23 17:47:28-06"
318,"Turbine_8","189.37","284.45","-12.07","45.03","206.85","51.9","49.67","3","1130.41","7.17","112.9","128.01","2026-02-23 17:47:28-06"
319,"Turbine_9","108.44","82.09","44.98","29.03","19.58","27.95","57.56","3","682.71","24.8","93.28","52.09","2026-02-23 17:47:29-06"
320,"Turbine_10","292.73","220.93","-11.09","53.01","134.66","104.18","49.81","3","1201.63","24.35","117.6","50.07","2026-02-23 17:47:29-06"
321,"Turbine_11","303.15","152.31","-20.98","10.95","112.74","40.3","59.07","1","675.42","10.32","93.75","71.66","2026-02-23 17:47:30-06"
322,"Turbine_12","248.46","79.38","-0.94","46.34","80.99","85.43","53.71","4","897.49","22.99","58.06","81.57","2026-02-23 17:47:30-06"
323,"Turbine_1","335.91","85.86","-16.59","59.1","57.5","31.65","51.17","1","1220.18","4.2","144.13","120.53","2026-02-23 17:47:33-06"
324,"Turbine_2","150.48","68.28","0.73","37.11","91.78","73.09","56.08","1","923.42","22.88","268.57","71.66","2026-02-23 17:47:33-06"
325,"Turbine_3","319.94","277.8","-8.37","60.09","199.37","28.22","51.97","5","1103.07","12.17","322.28","120.39","2026-02-23 17:47:34-06"
326,"Turbine_4","18.55","315.61","38.56","51.96","167.83","63.44","46.6","2","184.06","4.06","57.13","78.95","2026-02-23 17:47:34-06"
327,"Turbine_5","188.94","70.09","37.67","27.23","64.33","113.8","54.73","3","1418.87","18.81","285.95","131.74","2026-02-23 17:47:35-06"
328,"Turbine_6","336.07","257.39","-21.23","43.78","49.91","128.75","42.81","4","1165.18","24.66","220.52","58.88","2026-02-23 17:47:35-06"
329,"Turbine_7","184.97","22.77","44.44","52.02","143.08","26.9","40.27","5","448.33","10.62","154.59","127.39","2026-02-23 17:47:36-06"
330,"Turbine_8","29.75","115.18","31.34","28.72","166.23","73.94","42.14","1","1347.34","7.64","315.06","140.93","2026-02-23 17:47:36-06"
331,"Turbine_9","326.42","128.39","27.49","13.76","137.49","122.52","51.99","2","1482.22","17.23","339.52","71.02","2026-02-23 17:47:37-06"
332,"Turbine_10","98.09","283.13","41.64","53.2","69.86","67.22","56.97","5","460.18","16.45","217.06","127.68","2026-02-23 17:47:37-06"
333,"Turbine_11","100.46","154.84","-27.32","32.03","192.44","21.02","56.32","5","389.33","4.39","100.21","136.78","2026-02-23 17:47:38-06"
334,"Turbine_12","53.57","120.17","21.83","20.62","100.07","75.1","57.8","5","415.4","9.85","81.42","30.37","2026-02-23 17:47:38-06"
335,"Turbine_1","102.35","185.07","8.95","23.81","56.18","44.72","41.68","4","329.25","16.98","184.33","80.84","2026-02-23 17:47:41-06"
336,"Turbine_2","209.87","207.63","-4.66","46.78","110.52","81.01","40.74","4","843.62","9.48","329.75","98.41","2026-02-23 17:47:41-06"
337,"Turbine_3","71.64","244.11","35.19","10.73","18.16","39.16","40.14","5","1346.93","2.75","209.83","83.19","2026-02-23 17:47:42-06"
338,"Turbine_4","172.4","202.28","28.68","25","120.62","113.66","50.81","2","133.78","9.11","209.42","146.05","2026-02-23 17:47:42-06"
339,"Turbine_5","342.61","89.32","28.57","26.16","52.46","89.65","55.01","2","491.9","12.03","91.19","108.57","2026-02-23 17:47:43-06"
340,"Turbine_6","98.89","65.27","29.47","25.46","158.01","51.67","56.77","2","211.99","11.6","239.47","28.91","2026-02-23 17:47:43-06"
341,"Turbine_7","321.37","309.1","-1.65","69.17","49.79","58.24","53.13","4","593.9","5.15","112.29","92.19","2026-02-23 17:47:44-06"
342,"Turbine_8","97.09","53.49","-6.41","25.99","5.27","88.44","40.3","1","658.55","21.69","206.75","114.12","2026-02-23 17:47:44-06"
343,"Turbine_9","181.67","3.01","-7.49","29.62","54.02","72.13","56.85","5","255.17","2.91","204.66","66.58","2026-02-23 17:47:45-06"
344,"Turbine_10","337.07","228.1","37.8","56.86","183.18","32.8","59.24","1","197.32","9.29","281.74","96.51","2026-02-23 17:47:45-06"
345,"Turbine_11","22.81","1","-15.68","63.42","193.85","58.32","49.5","4","476.61","15.72","318.92","94.47","2026-02-23 17:47:46-06"
346,"Turbine_12","59.68","217.93","36.14","49.33","122.76","45.12","45.05","3","501.01","15.66","249.77","143.1","2026-02-23 17:47:46-06"
347,"Turbine_1","31.12","324.32","23.38","14.39","192.4","65.08","41.18","3","666.92","24.78","159.27","90.42","2026-02-23 17:47:49-06"
348,"Turbine_2","136.21","5.68","40.24","28.95","83.33","90.2","43.97","2","1227.62","17.19","94.36","96.24","2026-02-23 17:47:49-06"
349,"Turbine_3","341.35","134.46","29.42","25.22","55.64","55.46","42.55","1","1057.54","6.41","156.28","138.33","2026-02-23 17:47:50-06"
350,"Turbine_4","110.35","337.96","34.75","68.43","128.01","44.28","58.15","1","888.14","22.82","323.34","145.56","2026-02-23 17:47:50-06"
351,"Turbine_5","328.49","199.98","-29.23","68.95","49.47","124.78","51.95","4","153.61","11.02","287.46","60.31","2026-02-23 17:47:51-06"
352,"Turbine_6","200.29","105.66","-8.7","48.61","58.31","63.56","56.91","4","298.79","14","293.35","138.28","2026-02-23 17:47:51-06"
353,"Turbine_7","74","64.94","-24.64","37.11","138.75","27.35","41.59","4","1349.28","17.23","211.3","78.98","2026-02-23 17:47:52-06"
354,"Turbine_8","19.18","260.93","-21.65","42.29","164.89","99.31","56.75","2","1140.68","16.79","205.92","91.42","2026-02-23 17:47:52-06"
355,"Turbine_9","344.7","222.59","15.16","38.71","101.13","48.61","58.13","3","1488.89","10.58","72.41","59.84","2026-02-23 17:47:53-06"
356,"Turbine_10","299.09","96.32","38.7","47.3","117.82","59.68","52.23","5","1472.88","7.39","311.4","106.33","2026-02-23 17:47:53-06"
357,"Turbine_11","198.67","5.18","17.78","36.56","157.57","97.02","41.93","3","125.52","3.79","58.44","34.89","2026-02-23 17:47:54-06"
358,"Turbine_12","145.45","208.8","-0.24","36.23","98.63","87.54","48.86","5","619.22","12.45","186.75","136.13","2026-02-23 17:47:54-06"
359,"Turbine_1","211.84","289.82","30.76","40.23","15.75","107.06","56.39","2","1051.42","16.74","236.92","73.59","2026-02-23 17:47:57-06"
360,"Turbine_2","197.37","67.32","15.68","23.48","48.47","111","54.3","1","1190.25","14.62","207.01","106.19","2026-02-23 17:47:57-06"
361,"Turbine_3","336.71","354.48","-13.4","57.27","59.16","85.48","57.18","4","277.57","6.39","282.82","80.61","2026-02-23 17:47:58-06"
362,"Turbine_4","22.43","318.89","39.06","12.54","145.8","38.73","47.46","3","1484.18","22.67","169.01","103.34","2026-02-23 17:47:58-06"
363,"Turbine_5","282.3","314.61","-8.39","29.23","199.02","73.09","48.83","3","551.48","11.32","238.26","47.7","2026-02-23 17:47:59-06"
364,"Turbine_6","326.83","233.45","-5.68","19.71","29.28","74.55","46.35","4","307.1","4.48","72.92","93.07","2026-02-23 17:47:59-06"
365,"Turbine_7","220.05","322.32","34.56","67.8","114.33","112.33","51.06","4","1299.56","24.69","259.64","67.39","2026-02-23 17:48:00-06"
366,"Turbine_8","185.97","191.55","44.56","56.6","172.22","58.63","52.49","2","215.78","3.48","129.46","85.91","2026-02-23 17:48:00-06"
367,"Turbine_9","58.91","107.22","-17.6","61.41","159.95","111.28","49.32","2","1102.24","18.34","109.81","116.29","2026-02-23 17:48:01-06"
368,"Turbine_10","130.61","204.52","34.09","17.62","37.5","117.66","55.81","2","309.13","4.87","175.05","84.53","2026-02-23 17:48:01-06"
369,"Turbine_11","283.42","306.46","15.79","13.56","30.85","104.03","45.66","1","1229.75","5.64","306.54","93.17","2026-02-23 17:48:02-06"
370,"Turbine_12","102.81","355.23","-11.95","15.24","189.28","119.76","51.26","4","821.31","19.02","102.01","100.39","2026-02-23 17:48:02-06"
371,"Turbine_1","69.02","196.33","31.67","34.65","8.05","66.76","45.26","3","102.14","4.78","100.56","116.77","2026-02-23 17:48:05-06"
372,"Turbine_2","346.92","120.61","12.01","39.52","99.08","49.74","46.7","1","1040.03","11.19","216.23","67.75","2026-02-23 17:48:05-06"
373,"Turbine_3","342.8","62.17","29.96","34.44","84.06","27.15","53.77","1","852.76","11.6","57.68","72.68","2026-02-23 17:48:06-06"
374,"Turbine_4","100.56","222.15","18.19","30.69","32.37","62.54","46.31","1","1173.54","22.9","56.62","137.84","2026-02-23 17:48:06-06"
375,"Turbine_5","161.24","206.92","22.79","56","8.64","67.09","51.2","3","244.37","18.31","310.54","122.28","2026-02-23 17:48:07-06"
376,"Turbine_6","327.94","314.56","19.23","17.07","175.04","64.91","58.32","4","172.77","9","231.99","144.17","2026-02-23 17:48:07-06"
377,"Turbine_7","189.11","317.43","-1.31","37.84","77.83","71.94","54.56","1","986.08","22.95","246.81","133.41","2026-02-23 17:48:08-06"
378,"Turbine_8","101.04","21.17","25.46","13.87","101.32","62.46","49.12","2","1251.67","4.18","75.42","133.98","2026-02-23 17:48:08-06"
379,"Turbine_9","164.01","65.15","23.45","42.11","71.56","84.39","56.2","2","499.4","6.35","194.92","146.05","2026-02-23 17:48:09-06"
380,"Turbine_10","348.89","247.85","-6.49","56.69","6.54","33.93","48.96","4","1265.52","10.18","235.27","135.15","2026-02-23 17:48:09-06"
381,"Turbine_11","208.23","330.88","27.64","10.86","43.95","111.81","53.34","3","120.24","9.4","99.39","54.36","2026-02-23 17:48:10-06"
382,"Turbine_12","164.95","94.22","21.35","64.31","100.57","39.02","48.62","1","515.09","9.36","228.96","112.23","2026-02-23 17:48:10-06"
383,"Turbine_1","242.28","10.59","3.46","21.56","118.06","27.23","52.14","2","284.94","5.77","228.57","123.05","2026-02-23 17:48:13-06"
384,"Turbine_2","118.87","262.65","-28.68","66.47","96.25","29.41","42.03","1","354.72","13.72","138.48","84.39","2026-02-23 17:48:13-06"
385,"Turbine_3","232.7","55.62","-7.71","20.11","55.15","91.35","43.44","3","615.67","2.22","310.63","59.09","2026-02-23 17:48:14-06"
386,"Turbine_4","198.01","12.46","42.96","11.53","114.78","68.71","53.34","5","732.79","22.77","158.6","58.73","2026-02-23 17:48:14-06"
387,"Turbine_5","138.11","61.12","43.89","67","38.52","104.23","49.24","5","374.91","12.97","282.3","137.35","2026-02-23 17:48:15-06"
388,"Turbine_6","28.03","2.33","-5.64","29.21","95.92","89.33","45.41","4","1116.36","7.85","105.76","82.96","2026-02-23 17:48:15-06"
389,"Turbine_7","38.34","176.94","20.56","49.42","87.15","44.78","42.37","2","1024.46","11.12","327.11","47.67","2026-02-23 17:48:16-06"
390,"Turbine_8","40.1","70.73","22.6","46.53","123.58","49.93","44.05","5","629.59","13","102.41","143.61","2026-02-23 17:48:16-06"
391,"Turbine_9","313.15","261.86","-29.13","13.18","99.36","51.02","52.45","5","61.04","21.41","213.91","72.62","2026-02-23 17:48:17-06"
392,"Turbine_10","82.8","134.23","37.28","53.57","143.54","40.68","58.27","3","1415.63","22.28","220.59","90.62","2026-02-23 17:48:17-06"
393,"Turbine_11","355.53","90.59","-10.42","51.31","108.98","44.75","58.84","1","882.37","19.71","288.39","91.58","2026-02-23 17:48:18-06"
394,"Turbine_12","184.05","151.97","36.48","50.01","207.78","54.4","55.1","3","978.25","2.29","216.79","108.28","2026-02-23 17:48:18-06"
395,"Turbine_1","321.14","333.45","21.12","25.31","15.07","73.99","40.11","1","575.09","18.38","109.58","71.69","2026-02-23 17:48:21-06"
396,"Turbine_2","341.17","94.67","13.9","21.22","9.9","34.03","55.91","2","633.19","20.27","68.16","78","2026-02-23 17:48:21-06"
397,"Turbine_3","141.67","161.79","19.92","47.12","25.26","88.69","50.58","2","708.04","21.47","343.04","51.52","2026-02-23 17:48:22-06"
398,"Turbine_4","81.2","121.37","5.66","59.36","99.73","82.57","55.84","5","499.98","14.54","203.57","48.64","2026-02-23 17:48:22-06"
399,"Turbine_5","288.31","161.4","-0.83","65.88","73.65","108.38","44.29","5","781.95","21.61","254.96","93.88","2026-02-23 17:48:23-06"
400,"Turbine_6","340.05","213.96","40.08","36.91","148.8","49.64","56.52","5","669.6","17.54","218.52","115.95","2026-02-23 17:48:23-06"
401,"Turbine_7","94.34","148.34","41.95","19.27","83.55","55.29","41.68","2","385.37","8.28","274.03","110.49","2026-02-23 17:48:24-06"
402,"Turbine_8","319.07","314.98","36.33","22.83","1.25","29.09","57.48","3","422.59","8.63","77.92","131.67","2026-02-23 17:48:24-06"
403,"Turbine_9","110.73","141.46","-10.44","14.32","188.86","78.25","47.88","4","165.33","10.14","211.49","31.37","2026-02-23 17:48:25-06"
404,"Turbine_10","175.69","66.15","-0.13","13.29","75.16","82.78","50.79","2","184.2","10.42","179.18","103.17","2026-02-23 17:48:25-06"
405,"Turbine_11","200.31","227.95","16.71","55.56","1.52","116.02","48.2","3","1009.65","21.47","81.97","90.6","2026-02-23 17:48:26-06"
406,"Turbine_12","131.11","219.9","-18.7","20.66","207.05","101.1","53.48","5","786.16","19.77","280.85","86.07","2026-02-23 17:48:26-06"
407,"Turbine_1","5.41","180.75","-24.35","59.39","149.04","35.28","49.46","5","749.71","18.02","63.28","109","2026-02-23 17:48:29-06"
408,"Turbine_2","217.97","190.51","28.47","18.63","203.97","48.37","52.01","1","699.02","4.52","105.47","44.46","2026-02-23 17:48:29-06"
409,"Turbine_3","134.7","285.48","-5.66","18.45","193.12","44.83","57.5","2","696.48","24.56","190.04","53.7","2026-02-23 17:48:30-06"
410,"Turbine_4","353.44","90.11","-2.05","18.84","41.91","127.14","56.24","4","1169.14","18.04","113.44","54.18","2026-02-23 17:48:30-06"
411,"Turbine_5","191.65","266.85","0.31","41.44","111.06","118.98","45.83","4","1201.97","22.27","321.24","94.76","2026-02-23 17:48:31-06"
412,"Turbine_6","70.9","92.02","-12.48","30.72","78.56","87.71","52.2","5","538.95","17.57","341.8","52.7","2026-02-23 17:48:31-06"
413,"Turbine_7","41.06","46.18","7.45","28.18","16.41","110.56","58.93","1","757.95","2.45","238.64","37.52","2026-02-23 17:48:32-06"
414,"Turbine_8","234.08","178.96","-24.71","22.3","65.28","66.28","54.96","1","890.92","15.05","248.22","96.67","2026-02-23 17:48:32-06"
415,"Turbine_9","359.56","351.12","-18.14","60.66","130.56","68.16","49.84","1","1304.34","10.83","197.8","76.68","2026-02-23 17:48:33-06"
416,"Turbine_10","63.92","308.02","24.25","33.71","3.64","22.79","54.2","4","1087.22","14.75","55.13","77.6","2026-02-23 17:48:33-06"
417,"Turbine_11","18.11","332.5","19.1","19.49","19.51","61.98","43.14","3","1052.1","5.46","277.87","95.12","2026-02-23 17:48:34-06"
418,"Turbine_12","166.29","152.61","26.83","22.23","166.98","114.36","56.64","5","870.35","11.95","345.04","81.96","2026-02-23 17:48:34-06"
419,"Turbine_1","156.19","91.96","-17.46","45.45","95.41","125.35","50.4","2","247.37","9.64","273.78","26.25","2026-02-23 17:48:37-06"
420,"Turbine_2","355.8","65.2","-29.29","48.76","114.57","129.6","52.22","2","80.33","20.35","273.34","56.99","2026-02-23 17:48:37-06"
421,"Turbine_3","265.47","56.5","-9.75","52.74","141.9","73.89","45.76","1","1479.19","10.19","135.02","124.98","2026-02-23 17:48:38-06"
422,"Turbine_4","6.36","49.65","23.79","41.76","194.04","86.05","49.77","3","1336.14","17.97","212.94","84.67","2026-02-23 17:48:38-06"
423,"Turbine_5","28.6","247.39","10.53","66.68","206.84","30.72","46.6","2","744.25","4.86","284.54","65.53","2026-02-23 17:48:39-06"
424,"Turbine_6","144.72","61.88","-28.46","46.38","46.78","127.36","49.89","1","597.85","18.76","214.79","80.61","2026-02-23 17:48:39-06"
425,"Turbine_7","238.22","82.51","15.05","51.75","134.73","67.19","52.29","2","1192.61","13.31","204.94","117.33","2026-02-23 17:48:40-06"
426,"Turbine_8","62.76","95.01","37.92","41.6","14.61","58.73","53.81","1","75.94","15.13","236.7","96.45","2026-02-23 17:48:40-06"
427,"Turbine_9","235.97","37.17","3.26","48.02","22.64","58.77","52.21","4","398.89","22.94","224.75","145.95","2026-02-23 17:48:41-06"
428,"Turbine_10","233.3","202.18","12.15","38.29","61.78","91.37","41.03","1","1335.95","4.14","166.74","112.21","2026-02-23 17:48:41-06"
429,"Turbine_11","233.09","199.55","0.63","12.01","74.01","118.93","40.62","3","1291.63","16.72","304.51","59.64","2026-02-23 17:48:42-06"
430,"Turbine_12","145.33","21.59","-16.29","20.59","104.67","64.15","40.92","5","549.79","4.92","144.61","60.91","2026-02-23 17:48:42-06"
431,"Turbine_1","244.04","343.08","22.14","69.45","97.95","64.84","54.31","4","1277.32","17.87","225.87","80.65","2026-02-23 17:48:45-06"
432,"Turbine_2","237.42","81.54","18.22","66.71","178.83","129.23","40.87","4","673.97","6.87","282.14","40.63","2026-02-23 17:48:45-06"
433,"Turbine_3","329.57","234.93","41.79","52.82","145.73","96.66","48.98","1","739.92","22.7","222.91","63.03","2026-02-23 17:48:46-06"
434,"Turbine_4","259.57","291.55","-27.52","17.72","174.02","40.15","48.56","5","1221.78","15.69","198.28","121.55","2026-02-23 17:48:46-06"
435,"Turbine_5","147.2","117.29","16.58","59.73","78.31","24.31","45.65","5","560.71","15.16","156.49","121.33","2026-02-23 17:48:47-06"
436,"Turbine_6","168.29","250.56","-29.55","18.14","19.09","56.66","40.11","4","149.12","21.16","320.84","71.04","2026-02-23 17:48:47-06"
437,"Turbine_7","31.3","165.83","15.43","63.51","130.37","90.68","41.33","4","304.97","6.59","96.05","145.7","2026-02-23 17:48:48-06"
438,"Turbine_8","113.48","194.53","-29.39","42.22","83.8","84.81","59","1","850.9","5.17","95.74","134.14","2026-02-23 17:48:48-06"
439,"Turbine_9","33.9","6.25","-22.24","18.51","106.29","127.15","43.82","4","1149.62","12.72","86.96","120.43","2026-02-23 17:48:49-06"
440,"Turbine_10","155.46","297.95","17.44","10.25","173.14","30.14","51.23","4","320.4","15.22","169.84","74.1","2026-02-23 17:48:49-06"
441,"Turbine_11","342.54","149.1","-23.77","27.8","188.82","69.77","47.17","3","393.55","23.86","203.95","132.97","2026-02-23 17:48:50-06"
442,"Turbine_12","24.46","339.39","15.63","44.43","135.12","40.2","52.01","2","883.84","11.29","138.65","82.27","2026-02-23 17:48:50-06"
443,"Turbine_1","193.84","321.35","34.6","55.05","120.55","82.19","46.63","3","854.82","21.51","341.96","112.81","2026-02-23 17:48:53-06"
444,"Turbine_2","327.6","288.33","-17.14","13.33","88.38","57.3","57.19","1","1242.84","22.17","241.39","141.91","2026-02-23 17:48:53-06"
445,"Turbine_3","235.62","293.66","14.79","11.36","23.32","75.99","59.64","4","1408.4","16.27","315.88","33.37","2026-02-23 17:48:54-06"
446,"Turbine_4","260.74","233.86","9.59","45.48","26.12","103.76","58.88","3","1094.32","2.83","165.15","49.99","2026-02-23 17:48:54-06"
447,"Turbine_5","359.97","196.76","41.8","14.61","161.38","45.52","55.89","4","1119.74","14.12","332.96","87.35","2026-02-23 17:48:55-06"
448,"Turbine_6","158.26","82.58","-12.57","56.22","78.71","102.52","49.79","4","1471.21","7.3","113.29","82.82","2026-02-23 17:48:55-06"
449,"Turbine_7","43.59","303.41","2.53","54.45","172.75","94.42","49.66","4","397.9","12.69","58.03","135.5","2026-02-23 17:48:56-06"
450,"Turbine_8","245.14","221.42","26.5","17.25","27.7","64.13","41.95","3","1414.06","18.83","98.03","118.78","2026-02-23 17:48:56-06"
451,"Turbine_9","269.21","335.94","39.07","33.35","161.52","57.15","41.77","4","1363.63","14.32","227.84","122.37","2026-02-23 17:48:57-06"
452,"Turbine_10","150.41","210.91","-19.89","40.97","29.55","79.1","46","5","237.87","21.47","152.31","98.65","2026-02-23 17:48:57-06"
453,"Turbine_11","253.55","16.78","28.54","63.55","85.79","50.46","50.43","5","938.33","14.86","318.86","74.92","2026-02-23 17:48:58-06"
454,"Turbine_12","235.71","91.02","-18.45","48.82","83.94","63.63","58.21","2","1358.6","10.87","347.36","49.09","2026-02-23 17:48:58-06"
455,"Turbine_1","276.03","246.72","30.53","57.99","149.43","104.46","55.87","4","413.18","23.09","253.61","88.86","2026-02-23 17:49:01-06"
456,"Turbine_2","87.15","333.58","37.26","60.67","106.88","58.33","56.87","1","1480.2","8.59","236.7","43.3","2026-02-23 17:49:01-06"
457,"Turbine_3","204.96","89.5","-18.99","47.21","75.38","79.63","47.71","5","1214.71","16.69","120.86","48.07","2026-02-23 17:49:02-06"
458,"Turbine_4","340.7","300.78","8.79","37.09","65.86","113.18","54.71","1","484.83","7.95","185.5","123.93","2026-02-23 17:49:02-06"
459,"Turbine_5","117.68","123.57","-14.39","21.26","33.02","55.64","51.56","2","493.16","4.37","216.36","149.34","2026-02-23 17:49:03-06"
460,"Turbine_6","123.86","162.35","8.79","36.27","111.43","128.47","49.33","1","532.23","24.47","109.48","87","2026-02-23 17:49:03-06"
461,"Turbine_7","250.56","347.68","-13.57","59.54","176.26","36.16","56.32","3","490.26","16.14","214.65","58.89","2026-02-23 17:49:04-06"
462,"Turbine_8","338.19","281.77","-14.89","29.76","156.47","106.25","59.06","1","1119.23","16.84","194.26","103.81","2026-02-23 17:49:04-06"
463,"Turbine_9","359.97","65.58","8.1","18.24","188.32","44.73","58.45","2","879.75","2.29","85.47","101.39","2026-02-23 17:49:05-06"
464,"Turbine_10","261.58","117.04","-14.27","67.85","3.76","42.96","53.86","2","279.23","23.73","303.01","96.17","2026-02-23 17:49:05-06"
465,"Turbine_11","224.51","262.93","-6.86","69.6","90.55","72.05","58.29","2","481.07","8.51","148.85","124.38","2026-02-23 17:49:06-06"
466,"Turbine_12","29.64","278.61","25.93","50.32","60.64","83.4","54.39","5","1312.45","23.89","175.24","62.8","2026-02-23 17:49:06-06"
467,"Turbine_1","257.15","104.45","-21.8","17.37","109.71","104.53","53.2","5","674.64","14.85","151.17","79.37","2026-02-23 17:49:09-06"
468,"Turbine_2","350.36","99.44","40.63","57.35","124.62","58.21","47.47","3","1495.11","23.65","138.76","87.2","2026-02-23 17:49:09-06"
469,"Turbine_3","314.35","24.82","28.74","61.1","183.1","51.54","55.03","5","1339.59","19.59","341.41","120.46","2026-02-23 17:49:10-06"
470,"Turbine_4","71.61","311.26","15.28","24.29","94.8","21.17","43.13","2","587","5.29","144.27","78.2","2026-02-23 17:49:10-06"
471,"Turbine_5","320.6","181.34","13.62","41.56","173.79","107.4","55.83","5","800.89","23.32","295.48","95.32","2026-02-23 17:49:11-06"
472,"Turbine_6","317.47","63.1","2.14","43.85","134.87","86.68","49.08","5","1238.69","23.17","242.44","93.12","2026-02-23 17:49:11-06"
473,"Turbine_7","180.28","17.5","-0.86","48.51","169.7","90.48","49.7","5","1274.9","11.77","121.03","116.37","2026-02-23 17:49:12-06"
474,"Turbine_8","174.68","55.25","31.8","20.38","117.49","75.21","43.98","2","75.38","3.16","166.84","71.91","2026-02-23 17:49:12-06"
475,"Turbine_9","95.04","279.91","26.81","47.13","158.12","29.03","46.12","4","618.49","13.55","313.1","79.53","2026-02-23 17:49:13-06"
476,"Turbine_10","134.59","338.28","-4.12","49.65","147.34","105.77","50.7","1","149.61","2.59","157.66","96.48","2026-02-23 17:49:13-06"
477,"Turbine_11","194.29","154.37","14.09","35.23","177.43","89.35","48.16","2","1069.53","11.06","208.43","148.1","2026-02-23 17:49:14-06"
478,"Turbine_12","288.4","74.05","27.05","29.22","130.69","115.97","57.76","2","391.76","14.46","128.45","83.51","2026-02-23 17:49:14-06"
479,"Turbine_1","172.96","274.43","43.08","64.9","183.06","101.34","44.84","4","347.88","23.58","284.05","121.89","2026-02-23 17:49:17-06"
480,"Turbine_2","107.1","332.71","-15.67","25.42","119.63","105.22","52.8","2","602.3","24.64","84.84","143.99","2026-02-23 17:49:17-06"
481,"Turbine_3","202.05","225.17","28.42","48.1","152.68","62.26","49.13","1","1013.19","11.36","251.61","129.97","2026-02-23 17:49:18-06"
482,"Turbine_4","198.4","175.95","-10.75","18.97","57.65","45.39","59.4","5","97.07","17.63","227.35","114.77","2026-02-23 17:49:18-06"
483,"Turbine_5","258.86","47.3","-27.98","20.84","71.23","39.72","47.32","2","1293.67","24.06","260.98","120.62","2026-02-23 17:49:19-06"
484,"Turbine_6","158.15","258.53","31.62","64.66","58.61","41.2","43.6","5","563.5","17.4","263.01","80.5","2026-02-23 17:49:19-06"
485,"Turbine_7","341.64","163.65","-11.34","65.24","193.89","105.49","52.61","1","1227.6","6.85","58.23","42.26","2026-02-23 17:49:20-06"
486,"Turbine_8","351.47","236.8","-18.99","64.96","95.67","85.13","55.92","4","813.19","21.58","137.91","61.2","2026-02-23 17:49:20-06"
487,"Turbine_9","116.11","290.3","18.42","42.31","141.43","83.59","59.05","1","894.47","5.13","326.12","90.19","2026-02-23 17:49:21-06"
488,"Turbine_10","142.73","97.6","-16.81","43.52","157.49","53.4","58.73","3","882.98","13.02","305.54","85.86","2026-02-23 17:49:21-06"
489,"Turbine_11","16.04","43.07","4.45","46.17","54.7","79.37","41.88","5","72.34","11.91","296.93","122.73","2026-02-23 17:49:22-06"
490,"Turbine_12","235.53","317.46","-19","34.95","163.88","80.07","40.14","3","1462.47","19.85","263.15","110.15","2026-02-23 17:49:22-06"
491,"Turbine_1","247.53","244.19","-9.91","44.91","173.72","80.16","41.46","3","905.35","2.05","151.09","108.54","2026-02-23 17:49:25-06"
492,"Turbine_2","106.06","139.54","-11.58","28.18","42.93","49.02","53.12","2","714.2","5.03","64.37","116.87","2026-02-23 17:49:25-06"
493,"Turbine_3","304.75","55.45","2.68","27.48","176.65","83.4","46.49","4","1405.23","21.45","181.93","99.97","2026-02-23 17:49:26-06"
494,"Turbine_4","221.17","259.49","24.72","32.42","97.46","102.21","56.17","2","1179.75","13.15","257.48","73.08","2026-02-23 17:49:26-06"
495,"Turbine_5","194.4","170.04","24.06","18.08","138.07","98.13","57.55","2","769.04","18.13","222.92","143.82","2026-02-23 17:49:27-06"
496,"Turbine_6","55.15","165.3","13.5","10.65","149.08","94.94","58.81","5","773.86","9.19","265.45","52.56","2026-02-23 17:49:27-06"
497,"Turbine_7","36.71","305.62","34.62","39.75","63.24","49.27","49.68","4","564.94","5.19","145.78","37.24","2026-02-23 17:49:28-06"
498,"Turbine_8","28.69","101.7","9.63","20.93","62.11","121.71","53.64","1","1095.34","11.45","236.55","148.7","2026-02-23 17:49:28-06"
499,"Turbine_9","293.06","78.07","-1.73","66.78","132.69","111.74","46.66","3","523.55","18.1","232.17","29.89","2026-02-23 17:49:29-06"
500,"Turbine_10","19.4","248.85","0.57","29.88","158.22","83.94","42.56","2","461.15","19.9","64.47","140.73","2026-02-23 17:49:29-06"
501,"Turbine_11","106.66","290.37","-8.58","12.96","184.08","30.13","56.24","3","912.66","13.66","298.53","29.12","2026-02-23 17:49:30-06"
502,"Turbine_12","343.84","284.48","4.71","15.99","201.11","45.15","43.42","3","289.5","4.62","110.19","147.72","2026-02-23 17:49:30-06"
503,"Turbine_1","340.62","292.01","-28.02","41.59","28.8","103.89","44.2","3","929.09","11.38","327.72","81.77","2026-02-23 17:49:33-06"
504,"Turbine_2","265.62","339.12","34.51","11.28","5.18","94.34","51.23","2","416.9","7.48","292.81","39.79","2026-02-23 17:49:33-06"
505,"Turbine_3","350.75","138.01","31.42","46.59","16.99","26.61","54.51","1","931.19","19.34","179.66","144.94","2026-02-23 17:49:34-06"
506,"Turbine_4","45.69","254.09","-16.03","32.71","100.48","120.29","47.86","3","1330.4","2.54","183.83","105.69","2026-02-23 17:49:34-06"
507,"Turbine_5","125.62","151.87","34.55","24.45","139.54","30.84","53.15","5","803.79","15.19","95.24","120.59","2026-02-23 17:49:35-06"
508,"Turbine_6","170.82","68.29","-14.62","47.6","69.13","123.34","54.7","2","504.79","23.73","59.36","33.26","2026-02-23 17:49:35-06"
509,"Turbine_7","288.62","126.86","14.6","37.55","81.17","110.94","41.11","2","963.05","2.69","149.93","27.82","2026-02-23 17:49:36-06"
510,"Turbine_8","351.27","126.93","26.69","57.67","188.28","36.48","51.35","3","1425.98","17.58","322.24","59.8","2026-02-23 17:49:36-06"
511,"Turbine_9","271.97","15.15","11.35","25.68","90.37","37.13","44.68","1","905.15","17.65","148.47","44.31","2026-02-23 17:49:37-06"
512,"Turbine_10","311.19","82.29","36.62","26.29","94.68","62.37","57.39","4","390.98","19.97","193.73","98.13","2026-02-23 17:49:37-06"
513,"Turbine_11","281","196.86","5.24","62.35","203.1","23.2","58.89","3","938.84","24.39","208.79","26.99","2026-02-23 17:49:38-06"
514,"Turbine_12","89.06","346.44","-0.1","53.31","41.79","89.27","48.76","2","753.95","20.92","346.24","83.91","2026-02-23 17:49:38-06"
515,"Turbine_1","147.13","315.65","25.25","39.87","205.38","54.62","42.29","4","1097.68","5.11","100.89","67.62","2026-02-23 17:49:41-06"
516,"Turbine_2","101.99","67.79","19.74","48.32","193.97","115.9","41.41","3","623.64","20.98","299.37","36.79","2026-02-23 17:49:41-06"
517,"Turbine_3","277.51","86.95","-27.03","13.86","102.55","21.06","58.37","4","1251.17","15.58","311.84","71.13","2026-02-23 17:49:42-06"
518,"Turbine_4","323.88","218.94","1.35","29.48","87.65","47.4","45.41","5","268.68","11.46","282.95","64.04","2026-02-23 17:49:42-06"
519,"Turbine_5","170.5","134.7","39.31","13.15","36.73","70.61","47.78","1","677.28","20.34","231.65","31.84","2026-02-23 17:49:43-06"
520,"Turbine_6","343.76","131.43","35.81","26.62","39.84","120.7","58.88","2","678.83","19.17","327.31","44.19","2026-02-23 17:49:43-06"
521,"Turbine_7","322.4","272.03","39.56","23.2","98.35","103.9","53.96","2","1188.31","23.25","75.78","107.42","2026-02-23 17:49:44-06"
522,"Turbine_8","22.89","39.43","-14.1","37.56","197.8","31.99","44.59","4","1476","10.42","255.44","44.57","2026-02-23 17:49:44-06"
523,"Turbine_9","132.69","78.26","11.02","53.11","134.81","56.24","48.1","4","1286.87","2.06","179.72","148.08","2026-02-23 17:49:45-06"
524,"Turbine_10","182.53","284.82","-7.3","55.25","144.43","64.83","53.41","5","91.48","23.66","205.87","130.93","2026-02-23 17:49:45-06"
525,"Turbine_11","298.43","29.45","28.65","51.44","100.35","122.57","42.75","4","677.37","19.28","211","25.66","2026-02-23 17:49:46-06"
526,"Turbine_12","161.62","16.24","13.68","67.82","160.16","119.76","58.91","2","442.5","14.69","167.85","92.3","2026-02-23 17:49:46-06"
527,"Turbine_1","332.03","256.18","-29.34","46.46","93.63","45.32","54.9","1","841.73","17.19","158.81","25.84","2026-02-23 17:49:49-06"
528,"Turbine_2","110.78","286.13","-11.71","26.13","52.77","100.5","52.51","1","1407.85","18.05","268.51","83.82","2026-02-23 17:49:49-06"
529,"Turbine_3","293.62","188.17","20.83","69.26","142.02","84.35","44.64","5","1071.62","5.98","225.41","53.64","2026-02-23 17:49:50-06"
530,"Turbine_4","21.12","346.34","-1.46","15.53","116.33","123.99","58.95","3","318.02","10.51","164.54","61.29","2026-02-23 17:49:50-06"
531,"Turbine_5","179.44","295.49","-1.43","32.25","185.79","128.93","44.81","1","775.56","24.91","144.2","132.82","2026-02-23 17:49:51-06"
532,"Turbine_6","311.49","81.84","43.94","53.3","147.13","24.46","50.05","4","630.44","20.94","264.75","136.38","2026-02-23 17:49:51-06"
533,"Turbine_7","172.06","223.49","39.36","66.53","141.6","41.94","58.2","2","1301.59","4.94","240.63","144.11","2026-02-23 17:49:52-06"
534,"Turbine_8","302.43","308.72","41.82","10.97","81.53","73.45","40.97","4","652.9","12.07","263.96","81.04","2026-02-23 17:49:52-06"
535,"Turbine_9","65.64","235.04","14.85","24.19","82.39","115.84","47.92","3","280.89","18.79","78.1","44.3","2026-02-23 17:49:53-06"
536,"Turbine_10","241.39","73.63","7.1","27.77","130.19","46.31","56.57","4","387.29","20.9","151.16","72.66","2026-02-23 17:49:53-06"
537,"Turbine_11","48.14","48.88","-10.08","66.83","24.47","117.96","54.9","1","71.41","9.31","152.67","53.88","2026-02-23 17:49:54-06"
538,"Turbine_12","120.5","4.46","32.2","12.18","198.61","116.76","51.61","2","658.47","22.52","260.06","75.6","2026-02-23 17:49:54-06"
539,"Turbine_1","60.48","245.17","9.25","34.13","145.68","41.18","42.81","2","350.63","11.28","209.94","116.48","2026-02-23 17:49:57-06"
540,"Turbine_2","52.36","177.04","-13.67","56.53","10.23","89.4","45.1","3","936.4","17.52","334.27","72.92","2026-02-23 17:49:57-06"
541,"Turbine_3","320.47","289.83","-9.07","50.84","42.58","79.41","55.72","2","66.6","17.28","149.5","61.43","2026-02-23 17:49:58-06"
542,"Turbine_4","282.83","51.39","14.67","23.83","115.06","58.53","40.65","5","419.02","7.21","79.16","134.3","2026-02-23 17:49:58-06"
543,"Turbine_5","41.43","316.25","-11.55","46.14","91.02","42.52","46.53","5","432.09","3.31","240.56","79.5","2026-02-23 17:49:59-06"
544,"Turbine_6","274.47","43.97","2.95","67.12","26.11","48.85","55.71","1","596.04","2.56","165.8","36.12","2026-02-23 17:49:59-06"
545,"Turbine_7","264.12","132.13","28.55","45.48","88.11","94.18","54.01","3","640.99","10.11","121.44","100.01","2026-02-23 17:50:00-06"
546,"Turbine_8","56.36","178.75","-8.41","66.47","52.22","26.09","41.84","1","1354.72","9.43","137.29","107.49","2026-02-23 17:50:00-06"
547,"Turbine_9","257.1","278.52","15.79","34.32","52.5","116.29","53.02","3","700.56","24.73","283.5","80.35","2026-02-23 17:50:01-06"
548,"Turbine_10","306.93","238.07","3.24","53.09","36.18","87.22","50.87","3","1007.07","21.05","98.17","52.34","2026-02-23 17:50:01-06"
549,"Turbine_11","139.86","151.67","9.98","65.86","150.32","51.77","48.63","3","1408.05","2.73","103.81","78.98","2026-02-23 17:50:02-06"
550,"Turbine_12","260.94","201.62","5.93","54.11","25.68","80.09","59.49","3","566","7.12","158.42","113.91","2026-02-23 17:50:02-06"
551,"Turbine_1","7.52","297.17","10.39","10.66","180.69","125.89","44.65","4","1479.84","13.01","100.8","31.08","2026-02-23 17:50:05-06"
552,"Turbine_2","284.77","263.06","-28.42","33.61","163.47","79.57","59.7","3","795.77","12.71","197.4","97.09","2026-02-23 17:50:05-06"
553,"Turbine_3","66.18","147.64","16.31","17.56","9.89","95.51","50.13","3","644.25","2.96","102.39","27.25","2026-02-23 17:50:06-06"
554,"Turbine_4","212.13","222.42","-16.01","10.19","135.89","31.76","59.28","5","1223.27","8.17","298.62","82.88","2026-02-23 17:50:06-06"
555,"Turbine_5","120.42","278.24","15.19","27.25","60.94","29.79","57.73","3","504.54","2.99","311.11","97.99","2026-02-23 17:50:07-06"
556,"Turbine_6","204.99","1.87","-18.78","45.31","87.1","97.8","43.59","2","1267.96","16.23","230.82","42.46","2026-02-23 17:50:07-06"
557,"Turbine_7","64.39","302.85","17.7","60.19","78.69","47.35","40.54","3","104.95","24.65","340.7","103.96","2026-02-23 17:50:08-06"
558,"Turbine_8","93.12","351.36","33.15","44.12","19.83","44.49","45.02","3","692.85","14.41","75.73","88.88","2026-02-23 17:50:08-06"
559,"Turbine_9","141.14","228.65","40.34","62.44","88.93","48.57","53.39","3","1097.32","13.66","332.5","123.96","2026-02-23 17:50:09-06"
560,"Turbine_10","113.85","325.22","32.53","20.08","167.75","74.23","51.21","3","352.44","7.45","65.93","144.61","2026-02-23 17:50:09-06"
561,"Turbine_11","198.96","347.01","19.25","23.2","100","67.11","48.3","3","1274.27","16.81","234.62","105.75","2026-02-23 17:50:10-06"
562,"Turbine_12","166.54","38.78","32.88","51.01","38.92","80.86","44.4","4","887.9","6.48","311.19","136.79","2026-02-23 17:50:10-06"
563,"Turbine_1","88.88","112.23","-22.15","61.78","171.44","37.93","42.31","4","1245.94","15.23","266.74","117.99","2026-02-23 17:50:13-06"
564,"Turbine_2","140.54","257.82","-5.59","38.07","54.6","68.25","41.6","2","1140.76","10.29","67.14","73.7","2026-02-23 17:50:13-06"
565,"Turbine_3","302.16","261.06","9.43","60.03","9.48","64.89","57.52","1","218.84","16.16","266.07","57.3","2026-02-23 17:50:14-06"
566,"Turbine_4","32.72","165.16","43.23","26.59","167.3","27.99","44.95","1","1377.39","3.47","182.09","63.54","2026-02-23 17:50:14-06"
567,"Turbine_5","322.68","73.12","35.4","31.61","7.5","67.39","42.94","5","1189.77","3.54","134.36","109.71","2026-02-23 17:50:15-06"
568,"Turbine_6","195.55","292.1","26.88","17.74","184.6","44.04","57.3","3","716.92","10.43","50.09","33.51","2026-02-23 17:50:15-06"
569,"Turbine_7","122.61","168.16","29.96","25.77","46.42","81.75","44.64","5","263.21","5.01","107.69","64.29","2026-02-23 17:50:16-06"
570,"Turbine_8","341.66","139.42","-7.37","39.69","107.95","25.84","42.73","2","558.19","7.6","175.05","145.41","2026-02-23 17:50:16-06"
571,"Turbine_9","167.4","203.57","-11.36","10.04","120.55","69.65","54.59","4","749.17","16.52","120.41","99.61","2026-02-23 17:50:17-06"
572,"Turbine_1","13.98","157.35","-10.35","31.01","48.84","47.46","54.52","3","651.57","11.53","118.8","98.05","2026-02-26 18:36:09-06"
573,"Turbine_2","228.95","63.76","-6.96","31.24","178.78","127.67","51.99","2","603.31","18.06","330.63","34.26","2026-02-26 18:36:09-06"
574,"Turbine_3","263.12","73.58","35.43","54.08","75.25","100.61","51.27","5","91.16","8.27","197.25","102.63","2026-02-26 18:36:10-06"
575,"Turbine_4","65.7","322.22","-10.14","33.46","62.29","65.62","41.98","1","1087.18","8.11","101.96","103.5","2026-02-26 18:36:10-06"
576,"Turbine_5","51.66","358.66","-1.15","27.54","116.97","110.84","53.54","5","682.92","22.69","275","33.31","2026-02-26 18:36:11-06"
577,"Turbine_6","60.06","58.83","-0.31","19.62","2.52","70.75","55.55","3","123.7","3.24","264.75","132.26","2026-02-26 18:36:11-06"
578,"Turbine_7","231.08","160.48","2.42","66.13","38.32","121.5","47.62","2","543.66","12.17","167.41","120.55","2026-02-26 18:36:12-06"
579,"Turbine_8","59.64","297.59","15.04","69.63","105.51","71.33","47.99","1","1273.86","8.88","56.3","113.83","2026-02-26 18:36:12-06"
580,"Turbine_9","88.6","4.07","-15.64","26.19","154.42","74.42","50.73","1","80.82","7.51","169.86","123.35","2026-02-26 18:36:13-06"
581,"Turbine_10","306.01","210.77","34.62","68.93","7.74","41.53","52","4","158.49","16.72","314.91","79.01","2026-02-26 18:36:13-06"
582,"Turbine_11","157.44","26.51","12.31","13.97","144.4","87.55","52.06","2","926.24","18.2","76.26","106.16","2026-02-26 18:36:14-06"
583,"Turbine_12","180.34","70.79","37.49","57.43","173.35","40.37","51.31","2","1367.35","8.83","114.42","26.7","2026-02-26 18:36:14-06"
584,"Turbine_1","344.81","285.72","22.8","12.75","194.91","82.89","53.24","1","801.84","5.21","261.06","124.18","2026-02-26 18:36:17-06"
585,"Turbine_2","321.77","58.71","-2.84","52.18","194.18","20.97","56.64","3","1409","22.21","70.74","106.53","2026-02-26 18:36:17-06"
586,"Turbine_3","64.29","129.58","-3.28","35.9","117.82","111.18","57.84","2","99.51","14.39","177.09","129.16","2026-02-26 18:36:18-06"
587,"Turbine_4","7.58","233.33","17.12","16.52","117.75","69.97","49.79","2","1054.83","2.45","160.61","106.89","2026-02-26 18:36:18-06"
588,"Turbine_5","29.47","306.07","21.01","16.58","54.38","92.87","55.81","5","334.94","9.17","250.27","134.79","2026-02-26 18:36:19-06"
589,"Turbine_6","333.75","265.54","-13.81","36.51","144.82","26.69","52.11","1","1312.1","24.86","68.95","73.8","2026-02-26 18:36:19-06"
590,"Turbine_7","151.67","339.05","6.71","61.64","91.03","77.61","42.37","1","1057.5","7","281.51","96.77","2026-02-26 18:36:20-06"
591,"Turbine_8","142.54","269.67","11.39","45.62","2.73","41.86","53.05","4","54.37","6.48","260.3","55.17","2026-02-26 18:36:20-06"
592,"Turbine_9","309.43","348.69","41.08","64.03","13.06","125.46","57.51","4","1008.24","20.47","252.77","63.84","2026-02-26 18:36:21-06"
593,"Turbine_10","148.76","73.29","-28.99","41.67","186.86","64.5","56.06","5","1261.67","17.69","221.73","97.07","2026-02-26 18:36:21-06"
594,"Turbine_11","40.36","225.51","32.96","67.98","25.3","111.13","42.14","3","212.86","18.8","84.67","41.84","2026-02-26 18:36:22-06"
595,"Turbine_12","196.17","141.65","5.19","35.21","45.36","120.02","43.74","3","921.63","12.49","291.61","110.39","2026-02-26 18:36:22-06"
596,"Turbine_1","166.36","115.63","-12.88","43.9","172.47","51.63","49.58","1","789.53","13.35","78.79","25.67","2026-02-26 18:36:25-06"
597,"Turbine_2","312.32","111.41","41.79","61.11","156.73","57.3","42.32","5","1259.34","9.26","186.47","130.44","2026-02-26 18:36:25-06"
598,"Turbine_3","338.99","106.78","19.79","41.4","107.36","98.58","51.32","3","832.32","24.98","59.67","99.26","2026-02-26 18:36:26-06"
599,"Turbine_4","311.3","220.49","-2.1","22.29","200.11","75.93","54.12","5","683.54","6.43","313.32","39.64","2026-02-26 18:36:26-06"
600,"Turbine_5","198.31","124.33","-13.8","22.57","75.28","121.31","56.24","1","890.93","22.45","180.17","136.21","2026-02-26 18:36:27-06"
601,"Turbine_6","233.85","295.31","14.05","63.34","175.22","77.12","40.66","4","940.01","17.63","251.57","131.9","2026-02-26 18:36:27-06"
602,"Turbine_7","242.94","95.24","3.78","43.64","200.26","60.28","40.68","5","1384.01","23.64","68.93","123.73","2026-02-26 18:36:28-06"
603,"Turbine_8","221","230.48","-4.6","55.08","90.72","51.98","46.86","4","1138.37","16.52","291.87","122.18","2026-02-26 18:36:28-06"
604,"Turbine_9","79.2","342.66","23.48","67.97","13.42","26.39","51.35","2","371.83","14.95","233.13","87.9","2026-02-26 18:36:29-06"
605,"Turbine_10","4.52","48.7","10.62","32.42","50.92","37.83","49.65","2","281","14.13","175.37","121.59","2026-02-26 18:36:29-06"
606,"Turbine_11","126.43","45.17","14.46","15.81","20.04","129.57","44.58","4","1234.57","23.91","323.98","30.89","2026-02-26 18:36:30-06"
607,"Turbine_12","278.12","215.16","29.4","67.25","114.37","125.72","55.8","3","636.3","12.21","87.22","111.13","2026-02-26 18:36:30-06"
608,"Turbine_1","56.57","354.39","-15.86","28.47","6.92","36.45","45.82","5","417.84","24.71","138.35","124.44","2026-02-26 18:36:33-06"
609,"Turbine_2","145.42","350.61","-20.46","42.85","5.61","83.65","53.76","1","505.84","5.24","275.58","46.95","2026-02-26 18:36:33-06"
610,"Turbine_3","355.27","83.88","36.51","26.82","72.39","105.6","43.06","1","1254.69","11.3","241.99","31.52","2026-02-26 18:36:34-06"
611,"Turbine_4","24.9","120.79","-11.29","20.49","203.3","123.11","41.52","1","1446.94","7.46","203.67","96.12","2026-02-26 18:36:34-06"
612,"Turbine_5","324.11","97.52","3.91","15.27","204.18","74.98","58.7","1","858.92","8.81","335.83","132.58","2026-02-26 18:36:35-06"
613,"Turbine_6","264.56","89.03","14.65","17.02","29.19","51.37","55.79","1","1268.94","2.49","184.49","83.36","2026-02-26 18:36:35-06"
614,"Turbine_7","4.54","174.83","41.14","41.03","197.31","94.31","44.33","4","778.18","3.13","173.71","47.42","2026-02-26 18:36:36-06"
615,"Turbine_8","56.24","252.55","-21.9","34.72","193.13","50.66","45.29","1","131.55","5.37","51.79","147.86","2026-02-26 18:36:36-06"
616,"Turbine_9","251.89","26.23","4.86","69.59","187.01","126.3","53.31","2","878.75","24.62","153.05","131.6","2026-02-26 18:36:37-06"
617,"Turbine_10","181.52","180.18","3.56","39.03","7.9","71.97","46.65","2","395.92","17.88","274.77","126.81","2026-02-26 18:36:37-06"
618,"Turbine_11","25.52","209.33","17.76","30.63","34.26","59.91","46.05","1","1018.28","8.48","274.61","107.92","2026-02-26 18:36:38-06"
619,"Turbine_12","60.15","230.53","-17.59","52.75","181.88","51.83","40.52","5","1010.03","12.4","319.14","115.39","2026-02-26 18:36:38-06"
620,"Turbine_1","74.68","59.85","13.73","51.07","187.79","86.06","58.58","2","1265.04","10.86","215.91","99.95","2026-02-26 18:36:41-06"
621,"Turbine_2","317.93","146.5","20.98","31.19","69.14","74.42","44.73","5","285.72","24.3","90.18","80.25","2026-02-26 18:36:41-06"
622,"Turbine_3","316.39","76.03","27.11","15.97","104.45","109.38","49.94","4","871.01","15.2","105.62","97.81","2026-02-26 18:36:42-06"
623,"Turbine_4","325.35","231.98","12.73","28.43","121.12","40.94","51.42","5","175.68","10.35","82.02","110.44","2026-02-26 18:36:42-06"
624,"Turbine_5","297.31","132.8","-18.03","51.27","8.11","94.35","52.39","2","413.56","15.9","289.82","91.58","2026-02-26 18:36:43-06"
625,"Turbine_6","65.3","358.51","32.97","20.01","84.94","110.2","52.14","2","924.4","11.59","217.34","104.82","2026-02-26 18:36:43-06"
626,"Turbine_7","73.57","286.05","39.77","65.56","105.09","93.32","40.54","1","297.23","8.44","189.33","112.18","2026-02-26 18:36:44-06"
627,"Turbine_8","337.89","327.83","18.63","68.25","9.32","67.34","40.74","4","1451.76","21.77","76.38","69.24","2026-02-26 18:36:44-06"
628,"Turbine_9","273.87","139.07","40.27","64.06","10.47","45.96","51.97","2","820.18","3.17","81.21","111.8","2026-02-26 18:36:45-06"
629,"Turbine_10","141","151.82","-23.53","63.42","157.67","69.82","50.89","4","1457.19","3.03","323.56","26.86","2026-02-26 18:36:45-06"
630,"Turbine_11","291.47","104.59","-13.45","33.61","146.26","49.75","57.84","1","1490.87","23.46","263.69","120.82","2026-02-26 18:36:46-06"
631,"Turbine_12","199.33","322.46","-6.77","36.61","20.22","121.18","57.78","1","1183.57","21.89","347.12","98.79","2026-02-26 18:36:46-06"
632,"Turbine_1","157.91","16.91","-10.16","64.83","95.6","98.63","54.59","1","1195.66","12.25","129.52","148.55","2026-02-26 18:36:49-06"
